history_id,order_id,status_changed,changed_at,customer_id,employee_id,service_type,total_amount,payment_method,delivery_address
1,24,Completed,5/27/2021,569,37,Express,319.85,Credit Card,Room 1645
2,55,Picked Up,10/9/2021,988,24,Standard,477.95,PayPal,Suite 86
3,53,Order Created,1/16/2021,208,28,Express,68.06,Cash,Suite 83
4,48,Washing,8/2/2021,370,28,Express,391.7,Credit Card,9th Floor
5,48,Completed,3/25/2021,185,10,Express,460.0,Credit Card,Room 1544
6,46,Completed,6/28/2021,589,36,Express,406.57,Cash,PO Box 48646
7,44,Ironing,10/5/2021,927,43,Express,26.45,PayPal,Suite 29
8,10,Washing,9/25/2021,861,20,Standard,398.85,PayPal,Room 1597
9,37,Ironing,12/6/2021,657,23,Express,325.33,PayPal,Apt 1792
10,35,Completed,7/14/2021,58,43,Express,76.34,PayPal,Room 14
11,56,Washing,6/27/2021,164,32,Premium,440.56,Credit Card,Apt 1357
12,9,Completed,12/7/2021,827,16,Premium,246.47,Cash,Room 1655
13,17,Completed,1/1/2021,764,22,Standard,235.31,PayPal,Room 81
14,54,Out for Delivery,1/19/2021,597,38,Premium,347.73,Credit Card,PO Box 16850
15,45,Washing,8/16/2021,216,48,Standard,446.55,Credit Card,Room 1058
16,28,Out for Delivery,6/23/2021,951,21,Express,386.86,Cash,Suite 96
17,23,Completed,2/16/2021,799,2,Premium,373.9,Credit Card,PO Box 52426
18,41,Completed,11/1/2021,955,16,Express,384.38,Cash,Apt 1581
19,29,Out for Delivery,9/2/2021,121,15,Express,448.12,Credit Card,PO Box 2624
20,35,Ironing,4/2/2021,535,12,Premium,66.12,Credit Card,10th Floor
21,32,Washing,6/25/2021,745,6,Express,232.49,Credit Card,Apt 264
22,21,Out for Delivery,11/10/2021,816,34,Premium,187.5,PayPal,PO Box 35402
23,14,Ironing,5/12/2021,776,35,Premium,494.36,Credit Card,Room 767
24,54,Completed,3/20/2021,710,13,Express,469.94,Cash,Apt 1540
25,22,Picked Up,11/26/2021,752,13,Standard,70.02,Cash,Room 1006
26,5,Out for Delivery,8/27/2021,283,2,Express,228.51,Cash,Apt 820
27,34,Out for Delivery,4/22/2021,963,26,Premium,300.29,PayPal,PO Box 52699
28,36,Washing,9/16/2021,920,47,Express,120.87,Cash,Room 363
29,12,Picked Up,5/26/2021,272,15,Express,313.95,Credit Card,PO Box 5046
30,49,Out for Delivery,6/29/2021,588,27,Express,185.62,PayPal,Room 1948
31,56,Washing,6/1/2021,473,13,Premium,99.56,PayPal,Suite 34
32,52,Order Created,9/26/2021,309,15,Standard,192.69,Credit Card,20th Floor
33,18,Out for Delivery,12/7/2021,252,28,Express,401.49,Credit Card,Suite 53
34,39,Out for Delivery,1/29/2021,716,30,Premium,198.12,Credit Card,Suite 3
35,57,Out for Delivery,1/13/2021,439,16,Premium,183.2,Credit Card,Room 116
36,36,Ironing,9/15/2021,85,46,Express,430.73,Credit Card,Apt 385
37,2,Picked Up,6/11/2021,343,11,Express,492.84,Credit Card,Suite 78
38,28,Out for Delivery,8/22/2021,465,17,Standard,44.1,Credit Card,Room 1292
39,34,Washing,3/30/2021,218,48,Standard,190.69,Credit Card,Room 1426
40,26,Order Created,8/14/2021,646,19,Standard,296.9,Credit Card,Suite 47
41,11,Ironing,11/12/2021,155,11,Standard,27.83,Cash,4th Floor
42,3,Out for Delivery,2/3/2021,531,20,Express,295.94,Cash,6th Floor
43,33,Picked Up,4/13/2021,640,3,Premium,189.88,PayPal,11th Floor
44,39,Picked Up,4/27/2021,188,42,Standard,391.04,Cash,Suite 81
45,6,Completed,4/29/2021,534,12,Premium,446.61,Cash,Suite 49
46,50,Ironing,11/17/2021,610,1,Premium,146.72,PayPal,Apt 1343
47,52,Out for Delivery,9/7/2021,795,29,Express,248.92,PayPal,Suite 1
48,47,Picked Up,11/10/2021,803,34,Standard,406.38,Cash,Suite 13
49,31,Completed,8/17/2021,949,6,Premium,231.96,PayPal,Apt 568
50,48,Ironing,8/15/2021,439,5,Express,438.09,Cash,Suite 32
51,43,Order Created,2/11/2021,817,22,Premium,323.65,Cash,PO Box 77728
52,4,Order Created,9/7/2021,440,41,Premium,352.24,Cash,Suite 80
53,4,Order Created,11/15/2021,773,22,Standard,72.44,PayPal,6th Floor
54,2,Order Created,4/8/2021,267,36,Express,158.62,PayPal,Apt 619
55,7,Washing,1/12/2021,228,32,Express,449.02,Cash,Apt 921
56,48,Completed,1/4/2021,417,7,Express,116.89,PayPal,PO Box 9085
57,5,Out for Delivery,10/13/2021,126,28,Premium,251.22,Cash,Room 120
58,8,Order Created,3/18/2021,37,11,Premium,58.72,Cash,Suite 74
59,11,Order Created,4/2/2021,563,36,Premium,410.85,Cash,Apt 1409
60,10,Out for Delivery,4/30/2021,137,38,Premium,275.4,Credit Card,Apt 1064
61,60,Completed,4/6/2021,839,30,Standard,76.86,Cash,Suite 5
62,21,Completed,2/18/2021,879,8,Standard,363.37,Credit Card,Room 594
63,19,Order Created,9/30/2021,444,12,Premium,134.63,PayPal,17th Floor
64,13,Completed,4/25/2021,852,15,Standard,443.01,Credit Card,19th Floor
65,25,Order Created,12/20/2021,112,47,Standard,364.46,Credit Card,12th Floor
66,11,Out for Delivery,6/4/2021,835,3,Premium,453.56,Cash,PO Box 81590
67,46,Ironing,1/20/2021,563,11,Standard,384.44,PayPal,Apt 1857
68,41,Completed,1/15/2021,405,5,Premium,219.01,PayPal,Suite 8
69,48,Picked Up,10/10/2021,859,22,Standard,221.85,Cash,Suite 87
70,18,Picked Up,8/1/2021,611,17,Premium,215.14,Cash,Room 1494
71,55,Ironing,10/22/2021,282,39,Express,29.05,PayPal,Room 37
72,19,Washing,3/9/2021,96,48,Standard,122.85,Credit Card,Suite 75
73,55,Order Created,5/19/2021,923,8,Premium,100.57,Cash,PO Box 61044
74,41,Completed,3/4/2021,832,23,Premium,128.23,Credit Card,PO Box 48705
75,28,Washing,12/30/2021,839,41,Premium,154.28,PayPal,Apt 1774
76,58,Out for Delivery,5/19/2021,310,14,Express,125.53,Credit Card,13th Floor
77,46,Washing,6/15/2021,407,20,Premium,100.34,PayPal,Apt 1219
78,60,Ironing,3/18/2021,489,9,Express,171.35,PayPal,Suite 62
79,45,Picked Up,1/2/2021,874,2,Standard,35.8,Cash,Room 1117
80,25,Picked Up,4/8/2021,189,35,Express,121.8,Cash,Apt 1467
81,16,Washing,7/24/2021,82,6,Standard,161.36,Cash,Apt 1280
82,47,Washing,6/26/2021,899,48,Premium,260.15,Cash,Room 1381
83,47,Ironing,11/22/2021,325,15,Standard,308.96,Cash,Room 1105
84,22,Washing,9/15/2021,205,14,Premium,348.2,Credit Card,Suite 45
85,22,Picked Up,3/3/2021,821,33,Standard,467.56,PayPal,Apt 993
86,23,Picked Up,1/6/2021,88,29,Premium,33.77,Cash,Suite 98
87,1,Order Created,5/20/2021,691,43,Standard,443.33,Cash,PO Box 21699
88,57,Ironing,5/9/2021,897,7,Express,189.25,PayPal,Room 1175
89,27,Washing,12/18/2021,333,2,Standard,358.93,Credit Card,Apt 467
90,22,Order Created,2/19/2021,957,46,Standard,479.77,PayPal,Suite 80
91,3,Washing,6/3/2021,727,41,Standard,401.69,Cash,Room 1333
92,50,Out for Delivery,7/8/2021,572,6,Standard,175.01,Credit Card,Suite 14
93,17,Washing,12/21/2021,830,50,Premium,499.7,Credit Card,9th Floor
94,28,Washing,1/1/2021,10,33,Standard,414.02,Cash,Room 348
95,10,Washing,8/6/2021,78,10,Standard,476.95,Cash,PO Box 20942
96,2,Out for Delivery,4/15/2021,79,24,Express,434.09,Cash,Apt 183
97,50,Completed,8/23/2021,727,3,Premium,305.85,PayPal,PO Box 76725
98,55,Completed,5/22/2021,496,23,Express,136.13,Credit Card,Room 1167
99,25,Order Created,9/19/2021,937,43,Premium,239.35,Credit Card,Suite 81
100,49,Ironing,9/17/2021,552,15,Premium,293.41,Credit Card,Apt 1416
101,30,Washing,2/19/2021,502,24,Standard,223.3,PayPal,Room 1112
102,40,Order Created,4/13/2021,785,32,Standard,483.96,Credit Card,PO Box 72126
103,56,Washing,8/29/2021,724,45,Standard,92.91,PayPal,PO Box 55666
104,57,Completed,3/25/2021,923,44,Premium,291.83,Credit Card,Apt 935
105,35,Picked Up,6/2/2021,900,40,Express,253.75,Cash,Apt 378
106,49,Washing,12/22/2021,360,28,Premium,466.91,Cash,Suite 81
107,15,Completed,7/20/2021,766,21,Premium,490.33,Cash,Suite 69
108,47,Picked Up,2/15/2021,698,38,Premium,39.26,PayPal,Room 1783
109,15,Out for Delivery,2/21/2021,841,17,Premium,149.33,PayPal,Apt 150
110,13,Ironing,8/5/2021,192,37,Express,142.93,Cash,Apt 1771
111,40,Picked Up,8/14/2021,597,46,Standard,11.01,Cash,Suite 90
112,55,Washing,12/14/2021,963,20,Express,196.23,PayPal,Suite 38
113,6,Completed,1/28/2021,548,8,Premium,45.42,Credit Card,Room 1608
114,16,Picked Up,6/19/2021,767,23,Premium,377.99,Credit Card,Room 564
115,56,Order Created,10/2/2021,880,46,Express,202.07,PayPal,Apt 479
116,10,Picked Up,7/23/2021,153,45,Express,269.99,PayPal,Suite 78
117,56,Completed,9/9/2021,63,19,Express,262.48,Cash,Apt 1911
118,45,Out for Delivery,5/10/2021,859,29,Express,115.21,Credit Card,12th Floor
119,30,Ironing,8/15/2021,197,41,Express,113.41,Credit Card,12th Floor
120,19,Order Created,4/18/2021,957,10,Standard,277.95,Credit Card,Room 884
121,50,Washing,8/3/2021,891,49,Express,406.65,Credit Card,Apt 791
122,15,Washing,9/24/2021,129,9,Standard,27.83,Cash,Room 222
123,35,Picked Up,2/15/2021,857,21,Express,73.01,Credit Card,PO Box 91096
124,1,Ironing,3/6/2021,108,38,Express,99.57,Credit Card,PO Box 18454
125,31,Out for Delivery,8/24/2021,440,24,Premium,368.6,PayPal,Room 1917
126,5,Completed,3/7/2021,311,21,Premium,81.87,Credit Card,Room 41
127,15,Completed,2/18/2021,296,5,Express,301.24,Credit Card,Room 285
128,59,Out for Delivery,9/1/2021,695,36,Express,190.03,Credit Card,Suite 64
129,51,Picked Up,7/30/2021,875,18,Premium,348.89,Credit Card,3rd Floor
130,6,Out for Delivery,3/23/2021,810,4,Express,121.56,Credit Card,Apt 1870
131,6,Out for Delivery,2/5/2021,983,1,Standard,458.39,Cash,Room 121
132,48,Order Created,12/17/2021,320,10,Premium,104.34,Cash,Apt 352
133,32,Order Created,11/17/2021,585,5,Premium,315.89,Credit Card,Suite 26
134,30,Ironing,5/17/2021,376,45,Express,317.69,Cash,PO Box 50251
135,15,Out for Delivery,4/21/2021,849,31,Standard,354.86,PayPal,Apt 1284
136,12,Completed,8/22/2021,490,12,Premium,303.83,Credit Card,Room 1991
137,55,Washing,7/16/2021,534,46,Express,285.02,Credit Card,PO Box 93607
138,26,Picked Up,10/5/2021,701,36,Express,122.14,Credit Card,Room 1925
139,22,Completed,7/1/2021,616,8,Express,148.72,PayPal,Suite 55
140,33,Completed,7/31/2021,564,13,Express,396.67,Credit Card,Apt 1674
141,33,Washing,9/7/2021,246,49,Express,38.53,PayPal,PO Box 62455
142,39,Washing,10/6/2021,913,12,Premium,213.41,Cash,20th Floor
143,28,Out for Delivery,10/6/2021,520,6,Premium,452.68,PayPal,PO Box 51687
144,2,Order Created,12/21/2021,376,37,Standard,197.25,Cash,Room 305
145,6,Ironing,9/9/2021,158,32,Standard,234.8,PayPal,Apt 681
146,12,Order Created,11/17/2021,306,1,Premium,472.26,Cash,Apt 1238
147,46,Washing,7/31/2021,885,31,Premium,129.71,Credit Card,PO Box 66643
148,42,Washing,12/17/2021,567,21,Premium,236.94,Cash,Apt 710
149,6,Order Created,7/13/2021,619,26,Standard,314.88,Credit Card,Suite 61
150,27,Out for Delivery,12/17/2021,316,41,Premium,334.0,PayPal,Suite 21
151,58,Completed,1/28/2021,651,10,Standard,20.9,PayPal,PO Box 7297
152,33,Washing,9/4/2021,667,45,Standard,430.89,Credit Card,17th Floor
153,5,Picked Up,10/31/2021,7,40,Premium,450.54,Credit Card,Suite 81
154,13,Out for Delivery,7/30/2021,151,17,Premium,452.08,PayPal,Apt 1789
155,30,Completed,6/29/2021,599,22,Premium,18.51,PayPal,PO Box 26431
156,9,Picked Up,7/20/2021,613,29,Premium,491.83,Credit Card,8th Floor
157,19,Order Created,10/12/2021,593,1,Premium,486.55,Credit Card,Room 559
158,14,Picked Up,10/1/2021,536,24,Express,294.96,Cash,Room 906
159,10,Washing,8/27/2021,288,37,Standard,405.56,Cash,Room 1449
160,12,Picked Up,4/6/2021,814,37,Standard,492.35,Cash,17th Floor
161,5,Completed,2/23/2021,680,33,Standard,289.5,Cash,5th Floor
162,54,Out for Delivery,4/21/2021,323,39,Express,464.0,Credit Card,Apt 1156
163,56,Out for Delivery,1/20/2021,476,24,Express,427.16,Cash,15th Floor
164,9,Out for Delivery,3/19/2021,565,16,Premium,10.58,PayPal,Suite 88
165,7,Completed,12/3/2021,254,24,Premium,446.77,Cash,10th Floor
166,34,Washing,12/11/2021,203,7,Standard,150.18,Credit Card,Suite 21
167,58,Washing,2/13/2021,239,39,Standard,120.66,PayPal,15th Floor
168,34,Picked Up,6/15/2021,576,49,Standard,149.94,Credit Card,Suite 22
169,9,Completed,4/16/2021,664,8,Standard,214.89,Credit Card,Room 391
170,14,Picked Up,10/4/2021,606,30,Premium,298.9,Cash,Room 1080
171,37,Picked Up,6/22/2021,878,3,Premium,171.46,Cash,Suite 93
172,15,Washing,7/22/2021,149,6,Premium,453.1,Cash,PO Box 28284
173,54,Ironing,1/23/2021,172,39,Premium,140.21,Cash,Apt 290
174,32,Ironing,6/26/2021,531,46,Express,218.78,Cash,4th Floor
175,41,Picked Up,1/5/2021,678,30,Standard,444.88,Cash,Room 1989
176,57,Picked Up,4/17/2021,828,27,Express,194.75,Cash,Apt 42
177,8,Completed,7/18/2021,496,44,Express,21.55,Credit Card,PO Box 88661
178,60,Completed,7/4/2021,18,3,Standard,492.56,Credit Card,PO Box 11067
179,2,Out for Delivery,4/8/2021,42,48,Premium,178.3,Cash,Suite 87
180,7,Completed,4/7/2021,470,31,Express,284.43,Credit Card,Room 1058
181,31,Ironing,8/4/2021,523,46,Express,171.11,PayPal,Suite 14
182,41,Order Created,6/7/2021,318,26,Express,117.36,PayPal,7th Floor
183,35,Ironing,5/16/2021,212,49,Express,423.34,Credit Card,10th Floor
184,44,Order Created,9/18/2021,113,47,Express,416.53,Credit Card,PO Box 12583
185,52,Washing,6/6/2021,502,20,Express,68.13,Cash,Apt 882
186,13,Picked Up,2/24/2021,226,8,Standard,447.24,Cash,PO Box 88130
187,29,Completed,6/19/2021,424,48,Standard,65.78,PayPal,Room 256
188,57,Out for Delivery,5/25/2021,783,17,Premium,79.62,Cash,Apt 924
189,35,Picked Up,10/12/2021,618,38,Express,215.94,PayPal,Room 128
190,35,Completed,7/7/2021,653,39,Premium,116.14,Credit Card,Room 474
191,53,Ironing,6/1/2021,776,10,Express,53.39,Cash,Apt 341
192,29,Out for Delivery,5/18/2021,906,44,Express,49.66,Cash,PO Box 40547
193,2,Washing,9/13/2021,221,15,Standard,461.68,Cash,Apt 1386
194,27,Washing,6/25/2021,564,39,Premium,473.27,PayPal,Suite 20
195,13,Out for Delivery,8/2/2021,1000,33,Express,10.92,PayPal,Suite 99
196,23,Order Created,4/17/2021,610,32,Premium,347.02,Cash,Suite 41
197,24,Order Created,10/8/2021,186,34,Standard,359.72,Cash,6th Floor
198,7,Order Created,10/25/2021,483,28,Premium,405.33,Cash,Suite 41
199,18,Ironing,4/23/2021,296,15,Premium,37.25,Credit Card,Apt 1106
200,39,Ironing,2/7/2021,40,3,Premium,450.54,PayPal,Room 1694
201,52,Ironing,6/13/2021,242,8,Express,370.73,Cash,Suite 84
202,44,Order Created,1/5/2021,745,26,Premium,310.73,Credit Card,Suite 31
203,56,Ironing,10/2/2021,696,33,Standard,108.64,Credit Card,Suite 99
204,37,Completed,9/10/2021,460,6,Express,169.19,Credit Card,Suite 68
205,37,Ironing,12/12/2021,28,29,Express,265.25,Cash,Room 835
206,17,Order Created,12/23/2021,110,44,Express,411.62,Cash,Room 1918
207,53,Washing,3/15/2021,545,48,Premium,287.35,Credit Card,PO Box 8345
208,39,Picked Up,8/12/2021,19,10,Premium,83.96,PayPal,10th Floor
209,31,Out for Delivery,6/1/2021,542,21,Standard,240.72,Credit Card,3rd Floor
210,59,Completed,12/18/2021,648,47,Standard,310.09,PayPal,Apt 369
211,21,Out for Delivery,9/28/2021,616,4,Express,356.27,Credit Card,Suite 86
212,34,Picked Up,7/26/2021,971,15,Premium,31.94,Cash,Apt 667
213,57,Out for Delivery,11/2/2021,116,38,Premium,480.57,Cash,5th Floor
214,46,Out for Delivery,3/31/2021,341,14,Express,93.74,Cash,Apt 1851
215,12,Picked Up,5/21/2021,373,48,Standard,69.27,PayPal,Suite 34
216,33,Completed,2/13/2021,621,19,Premium,499.73,PayPal,PO Box 28801
217,10,Ironing,6/23/2021,197,36,Standard,396.54,Credit Card,14th Floor
218,46,Order Created,3/2/2021,621,50,Premium,397.78,Credit Card,PO Box 26359
219,29,Out for Delivery,5/2/2021,44,35,Standard,24.64,PayPal,Apt 1093
220,50,Completed,1/28/2021,26,5,Premium,186.86,Credit Card,Room 1522
221,21,Completed,9/27/2021,431,40,Express,276.96,Cash,9th Floor
222,45,Picked Up,8/19/2021,305,40,Express,204.42,Credit Card,Room 682
223,31,Picked Up,9/24/2021,842,39,Standard,467.88,Credit Card,Suite 87
224,1,Washing,9/30/2021,936,24,Express,267.04,PayPal,19th Floor
225,34,Picked Up,2/28/2021,970,37,Express,34.03,PayPal,Apt 1452
226,35,Picked Up,3/20/2021,42,31,Standard,280.02,Credit Card,Suite 24
227,44,Ironing,6/3/2021,96,36,Express,259.13,Cash,Room 947
228,16,Washing,4/24/2021,69,29,Express,339.48,Cash,PO Box 30624
229,44,Picked Up,9/21/2021,190,41,Premium,212.33,Cash,Suite 98
230,11,Order Created,3/26/2021,203,6,Premium,41.05,PayPal,6th Floor
231,18,Picked Up,9/12/2021,887,8,Standard,398.16,Cash,Room 893
232,54,Order Created,10/27/2021,838,1,Express,454.94,Cash,PO Box 76840
233,60,Picked Up,10/28/2021,117,19,Express,292.46,Credit Card,Room 1217
234,7,Out for Delivery,11/10/2021,796,49,Premium,84.48,Credit Card,Room 913
235,51,Picked Up,8/28/2021,81,35,Express,347.53,Credit Card,7th Floor
236,1,Picked Up,7/31/2021,837,35,Standard,402.74,Credit Card,Suite 2
237,33,Washing,9/27/2021,443,37,Standard,318.7,Cash,PO Box 16867
238,52,Completed,8/10/2021,783,1,Premium,308.14,Credit Card,5th Floor
239,27,Picked Up,12/17/2021,614,35,Standard,407.83,Cash,Room 195
240,36,Out for Delivery,11/6/2021,172,31,Standard,286.85,PayPal,Suite 13
241,43,Washing,9/25/2021,705,43,Standard,495.2,Credit Card,Suite 71
242,18,Out for Delivery,11/17/2021,385,5,Express,399.42,Credit Card,12th Floor
243,53,Picked Up,10/9/2021,862,32,Express,397.63,Cash,Room 1747
244,38,Picked Up,1/1/2021,601,50,Express,421.14,Credit Card,Suite 89
245,23,Out for Delivery,1/23/2021,518,5,Standard,260.42,Cash,Suite 12
246,50,Picked Up,8/21/2021,103,43,Express,442.33,PayPal,PO Box 92961
247,52,Washing,11/18/2021,725,44,Standard,345.09,PayPal,1st Floor
248,14,Washing,5/19/2021,114,30,Express,114.8,Cash,2nd Floor
249,34,Order Created,2/1/2021,620,30,Standard,403.44,PayPal,Room 318
250,9,Out for Delivery,6/18/2021,885,50,Express,360.53,Cash,Suite 50
251,1,Order Created,9/25/2021,784,43,Standard,40.26,Credit Card,Suite 8
252,42,Washing,6/28/2021,812,50,Premium,367.52,Credit Card,Suite 32
253,47,Picked Up,8/3/2021,979,35,Express,441.04,Cash,6th Floor
254,19,Out for Delivery,7/24/2021,727,39,Express,211.94,Credit Card,Apt 1736
255,26,Order Created,3/6/2021,833,6,Standard,282.6,PayPal,PO Box 11258
256,50,Completed,1/16/2021,402,23,Premium,342.3,Credit Card,17th Floor
257,47,Picked Up,7/15/2021,551,34,Premium,331.76,PayPal,Apt 1745
258,31,Washing,10/7/2021,756,27,Standard,467.06,Credit Card,PO Box 52195
259,23,Completed,2/3/2021,484,49,Premium,326.49,PayPal,Apt 1992
260,26,Completed,1/5/2021,721,30,Standard,492.05,Credit Card,10th Floor
261,31,Ironing,1/29/2021,658,6,Standard,307.79,Credit Card,Room 102
262,51,Washing,6/20/2021,140,17,Standard,206.51,Cash,20th Floor
263,12,Washing,11/5/2021,76,31,Express,131.9,PayPal,Apt 1100
264,44,Picked Up,5/15/2021,897,13,Express,290.76,Cash,Apt 444
265,27,Completed,11/15/2021,941,7,Standard,94.54,Credit Card,1st Floor
266,5,Ironing,12/9/2021,951,32,Premium,207.76,PayPal,Apt 1438
267,58,Completed,2/1/2021,343,29,Standard,363.8,PayPal,4th Floor
268,12,Washing,8/21/2021,115,49,Premium,272.29,Credit Card,Suite 4
269,28,Washing,6/23/2021,863,19,Premium,205.65,PayPal,Apt 1115
270,2,Picked Up,10/28/2021,137,22,Express,198.64,PayPal,PO Box 51689
271,5,Order Created,9/10/2021,44,18,Express,190.49,Credit Card,Suite 90
272,21,Picked Up,2/8/2021,456,20,Standard,277.66,PayPal,PO Box 26316
273,60,Picked Up,6/6/2021,97,11,Premium,318.78,Credit Card,PO Box 87649
274,7,Ironing,10/10/2021,887,39,Standard,427.55,Cash,Suite 25
275,16,Picked Up,7/2/2021,352,13,Standard,126.8,Credit Card,Room 407
276,36,Order Created,1/2/2021,687,32,Express,164.45,PayPal,PO Box 13779
277,29,Order Created,1/4/2021,103,49,Express,141.33,Credit Card,Apt 1515
278,56,Washing,2/7/2021,670,4,Standard,117.0,PayPal,Apt 473
279,43,Completed,7/11/2021,128,1,Premium,226.06,Credit Card,Apt 1436
280,46,Out for Delivery,7/17/2021,816,14,Premium,117.57,Credit Card,Apt 1940
281,46,Order Created,10/15/2021,887,36,Standard,183.04,Credit Card,8th Floor
282,2,Completed,8/7/2021,245,24,Express,421.91,Cash,Apt 1965
283,6,Washing,7/8/2021,694,15,Standard,24.04,PayPal,Apt 1149
284,29,Picked Up,10/28/2021,527,36,Standard,183.57,Credit Card,PO Box 90333
285,57,Washing,12/19/2021,456,32,Standard,410.46,Cash,PO Box 60751
286,26,Order Created,9/27/2021,598,27,Premium,152.93,Cash,Room 1264
287,51,Order Created,12/7/2021,844,5,Premium,77.98,PayPal,Room 673
288,18,Out for Delivery,6/15/2021,490,33,Standard,142.81,PayPal,PO Box 11465
289,3,Out for Delivery,10/28/2021,817,42,Express,126.46,PayPal,3rd Floor
290,60,Order Created,11/12/2021,53,22,Premium,251.55,PayPal,Suite 51
291,17,Ironing,2/9/2021,60,13,Premium,384.2,Credit Card,PO Box 60211
292,37,Ironing,12/19/2021,31,24,Standard,170.49,Credit Card,Apt 1146
293,3,Ironing,1/21/2021,583,25,Premium,93.41,Credit Card,4th Floor
294,3,Picked Up,7/18/2021,394,12,Premium,125.29,Cash,Apt 1209
295,36,Order Created,8/19/2021,210,3,Premium,54.61,Cash,14th Floor
296,16,Picked Up,9/30/2021,795,31,Standard,306.11,PayPal,Suite 67
297,50,Ironing,6/8/2021,553,7,Standard,324.64,Cash,18th Floor
298,3,Ironing,3/6/2021,195,43,Express,250.92,PayPal,Room 198
299,9,Completed,9/25/2021,999,6,Standard,305.45,Cash,Suite 28
300,17,Completed,7/6/2021,705,24,Standard,341.38,Cash,Room 1282
301,25,Picked Up,7/28/2021,459,22,Express,92.79,Credit Card,Suite 75
302,47,Washing,10/10/2021,360,18,Standard,183.95,Credit Card,Room 966
303,19,Washing,4/17/2021,923,13,Express,494.92,PayPal,Apt 965
304,33,Ironing,9/20/2021,327,6,Express,67.91,PayPal,8th Floor
305,25,Ironing,9/9/2021,670,45,Standard,221.35,Credit Card,18th Floor
306,41,Order Created,11/21/2021,399,36,Premium,65.75,Credit Card,9th Floor
307,16,Out for Delivery,2/23/2021,924,29,Premium,84.13,PayPal,4th Floor
308,28,Ironing,1/3/2021,188,23,Premium,185.77,PayPal,Suite 74
309,34,Completed,11/20/2021,950,9,Express,201.14,Credit Card,PO Box 68142
310,55,Out for Delivery,1/27/2021,31,16,Premium,83.32,Credit Card,10th Floor
311,27,Ironing,1/3/2021,796,7,Premium,265.08,Cash,Room 307
312,50,Order Created,12/11/2021,48,34,Premium,298.5,Cash,PO Box 50620
313,18,Order Created,1/15/2021,41,22,Express,439.88,Cash,14th Floor
314,13,Washing,6/27/2021,988,2,Premium,388.67,Credit Card,Suite 80
315,28,Ironing,3/27/2021,595,44,Premium,282.84,Cash,Suite 87
316,40,Ironing,10/27/2021,244,22,Express,122.07,PayPal,Suite 40
317,4,Order Created,10/23/2021,382,37,Standard,75.46,Credit Card,1st Floor
318,11,Picked Up,7/21/2021,463,34,Standard,216.33,PayPal,Suite 34
319,22,Ironing,1/4/2021,768,42,Standard,187.4,Cash,Apt 295
320,57,Completed,10/26/2021,881,26,Express,283.81,Credit Card,PO Box 13880
321,11,Out for Delivery,4/15/2021,849,5,Standard,436.22,Cash,9th Floor
322,20,Washing,7/1/2021,523,5,Premium,452.72,Credit Card,17th Floor
323,43,Washing,6/28/2021,594,35,Premium,154.95,Credit Card,Room 1843
324,6,Out for Delivery,8/30/2021,365,34,Standard,102.84,PayPal,20th Floor
325,8,Ironing,1/31/2021,788,20,Premium,288.61,PayPal,PO Box 83038
326,6,Completed,2/20/2021,95,21,Standard,417.14,Credit Card,PO Box 74232
327,45,Order Created,5/1/2021,961,10,Express,111.35,Credit Card,Suite 48
328,29,Washing,9/25/2021,553,47,Express,319.22,PayPal,3rd Floor
329,34,Picked Up,10/21/2021,560,10,Premium,133.97,Credit Card,PO Box 64868
330,45,Completed,4/14/2021,922,13,Express,270.43,PayPal,Apt 1164
331,29,Picked Up,1/1/2021,259,29,Premium,123.21,Cash,Suite 93
332,47,Picked Up,1/25/2021,54,16,Standard,387.92,PayPal,Suite 42
333,21,Out for Delivery,11/19/2021,392,15,Premium,253.24,Credit Card,Room 413
334,19,Ironing,6/2/2021,164,18,Express,447.19,PayPal,Room 1062
335,3,Out for Delivery,5/7/2021,589,39,Express,159.58,Credit Card,Suite 98
336,16,Ironing,8/5/2021,237,1,Standard,122.86,Credit Card,Apt 270
337,50,Picked Up,10/10/2021,163,7,Premium,288.55,Cash,10th Floor
338,48,Picked Up,12/8/2021,274,17,Standard,47.67,Cash,Room 1086
339,21,Ironing,12/4/2021,386,37,Premium,123.69,PayPal,9th Floor
340,28,Washing,5/11/2021,926,29,Standard,395.54,Credit Card,Suite 46
341,19,Completed,8/9/2021,799,31,Premium,458.67,PayPal,Suite 22
342,32,Order Created,2/3/2021,314,9,Standard,133.21,Credit Card,Room 1812
343,50,Ironing,8/30/2021,481,10,Express,237.85,Cash,2nd Floor
344,28,Completed,8/3/2021,144,35,Premium,193.93,Credit Card,Suite 36
345,13,Picked Up,12/18/2021,693,29,Standard,444.24,Credit Card,Suite 74
346,35,Out for Delivery,7/26/2021,451,38,Premium,237.68,PayPal,Apt 487
347,3,Completed,12/22/2021,368,39,Express,463.09,Credit Card,Apt 1177
348,53,Order Created,7/10/2021,873,37,Premium,168.98,Credit Card,Apt 1300
349,33,Order Created,9/17/2021,178,37,Standard,348.17,Credit Card,PO Box 43112
350,23,Completed,3/22/2021,509,50,Standard,181.27,Credit Card,Room 1578
351,41,Picked Up,7/2/2021,9,42,Premium,275.74,Credit Card,Room 1450
352,3,Order Created,2/16/2021,860,24,Premium,301.12,Credit Card,PO Box 72420
353,10,Completed,9/12/2021,358,27,Standard,81.89,PayPal,Suite 56
354,46,Washing,9/25/2021,186,12,Premium,401.18,PayPal,Room 1220
355,8,Ironing,2/19/2021,908,48,Express,483.06,Credit Card,Room 1525
356,21,Washing,3/22/2021,518,20,Premium,206.4,PayPal,Suite 38
357,32,Washing,11/25/2021,387,32,Premium,498.44,Cash,20th Floor
358,16,Picked Up,11/17/2021,251,11,Premium,24.7,PayPal,Apt 1577
359,43,Completed,9/23/2021,465,30,Premium,340.14,PayPal,4th Floor
360,42,Order Created,12/20/2021,974,20,Premium,193.06,PayPal,Suite 24
361,39,Ironing,2/23/2021,622,44,Express,236.2,Credit Card,PO Box 18575
362,57,Out for Delivery,11/17/2021,678,46,Express,23.05,Cash,9th Floor
363,41,Ironing,7/9/2021,217,47,Express,12.33,PayPal,4th Floor
364,32,Picked Up,3/23/2021,470,47,Standard,241.16,Credit Card,Room 1175
365,28,Out for Delivery,3/9/2021,11,1,Standard,118.13,PayPal,Room 91
366,49,Out for Delivery,3/15/2021,519,37,Express,46.26,Credit Card,16th Floor
367,34,Out for Delivery,3/2/2021,803,44,Express,257.24,Cash,1st Floor
368,40,Washing,3/8/2021,527,49,Express,42.98,Cash,1st Floor
369,19,Out for Delivery,12/9/2021,128,23,Express,302.41,PayPal,Suite 86
370,23,Picked Up,10/18/2021,630,33,Standard,30.14,Credit Card,Apt 1511
371,29,Out for Delivery,3/27/2021,116,4,Standard,406.82,Cash,18th Floor
372,15,Ironing,9/5/2021,130,3,Premium,185.37,Cash,3rd Floor
373,11,Picked Up,4/19/2021,488,8,Express,132.38,Cash,Apt 505
374,5,Order Created,11/9/2021,909,44,Standard,428.07,Credit Card,Apt 1657
375,13,Picked Up,9/15/2021,317,12,Standard,311.97,Credit Card,PO Box 49914
376,55,Picked Up,5/24/2021,78,16,Premium,339.71,Cash,Suite 95
377,21,Picked Up,8/20/2021,778,38,Standard,83.24,Credit Card,Room 740
378,1,Order Created,6/13/2021,643,44,Premium,230.47,Cash,Suite 7
379,39,Completed,9/14/2021,921,21,Premium,161.4,Cash,19th Floor
380,17,Out for Delivery,5/8/2021,784,43,Premium,107.87,Credit Card,Apt 1766
381,19,Order Created,4/30/2021,969,12,Express,394.34,Credit Card,Suite 72
382,38,Out for Delivery,1/8/2021,213,46,Express,107.67,PayPal,Room 1623
383,2,Picked Up,1/27/2021,878,29,Premium,445.03,PayPal,Apt 1580
384,28,Washing,2/11/2021,341,36,Express,399.64,Credit Card,PO Box 26158
385,21,Picked Up,12/27/2021,434,20,Standard,35.54,Cash,Apt 1976
386,51,Washing,1/7/2021,942,37,Standard,268.05,Credit Card,PO Box 72730
387,22,Completed,7/2/2021,920,36,Premium,323.23,PayPal,Apt 1303
388,25,Picked Up,6/18/2021,921,33,Express,87.05,Cash,Room 639
389,33,Out for Delivery,1/13/2021,943,13,Express,257.86,PayPal,Apt 464
390,27,Completed,3/16/2021,592,40,Premium,277.49,PayPal,PO Box 88935
391,4,Completed,6/26/2021,126,16,Premium,240.93,PayPal,Room 1892
392,57,Completed,4/3/2021,332,35,Express,463.3,Cash,8th Floor
393,28,Washing,10/24/2021,297,6,Express,329.42,PayPal,PO Box 8537
394,21,Out for Delivery,3/24/2021,516,46,Premium,422.8,Credit Card,Room 244
395,22,Picked Up,5/11/2021,999,1,Express,252.4,Credit Card,Room 1970
396,10,Completed,7/30/2021,187,21,Standard,109.69,Credit Card,Suite 71
397,54,Completed,2/9/2021,453,33,Premium,456.59,PayPal,Apt 478
398,54,Picked Up,7/23/2021,153,12,Standard,404.57,Credit Card,Room 1462
399,40,Out for Delivery,4/2/2021,483,4,Premium,468.53,Credit Card,PO Box 25983
400,42,Washing,8/10/2021,9,14,Express,17.5,PayPal,Room 1527
401,10,Out for Delivery,8/13/2021,305,8,Standard,65.48,PayPal,Suite 47
402,54,Order Created,2/28/2021,938,18,Premium,330.56,PayPal,Suite 82
403,21,Out for Delivery,3/20/2021,83,26,Standard,349.0,Cash,15th Floor
404,40,Out for Delivery,6/18/2021,538,25,Premium,76.79,Cash,19th Floor
405,43,Completed,7/15/2021,541,48,Express,466.54,PayPal,PO Box 88810
406,39,Ironing,5/21/2021,278,3,Standard,484.48,PayPal,Suite 45
407,18,Order Created,2/28/2021,709,43,Express,272.72,Credit Card,Suite 76
408,48,Washing,8/7/2021,664,15,Standard,113.45,Cash,Apt 879
409,47,Order Created,6/1/2021,295,39,Standard,233.06,PayPal,PO Box 42563
410,55,Washing,7/26/2021,935,4,Standard,388.76,Credit Card,Room 1080
411,43,Completed,10/20/2021,902,49,Standard,205.05,Cash,PO Box 85857
412,51,Completed,7/5/2021,448,44,Standard,15.76,Cash,PO Box 96477
413,41,Out for Delivery,10/19/2021,761,38,Standard,170.81,Cash,Apt 285
414,43,Washing,1/14/2021,883,43,Premium,99.98,Cash,Apt 947
415,31,Order Created,3/25/2021,674,46,Express,196.52,Credit Card,Room 1924
416,18,Picked Up,11/1/2021,681,40,Express,77.5,PayPal,PO Box 26248
417,56,Completed,9/28/2021,121,32,Premium,195.44,Credit Card,PO Box 61271
418,46,Ironing,1/25/2021,623,7,Express,465.05,Credit Card,Room 1142
419,58,Ironing,2/9/2021,143,9,Express,374.42,Cash,Room 1568
420,26,Order Created,3/23/2021,494,38,Express,407.44,PayPal,Suite 25
421,24,Picked Up,8/7/2021,86,50,Premium,84.82,PayPal,PO Box 98879
422,17,Picked Up,5/31/2021,869,14,Standard,288.69,Cash,5th Floor
423,9,Ironing,6/15/2021,590,40,Express,449.61,Cash,Apt 1978
424,44,Ironing,8/24/2021,843,28,Standard,366.69,PayPal,Room 1440
425,29,Washing,7/6/2021,974,15,Premium,227.5,Cash,Suite 87
426,37,Order Created,2/14/2021,855,5,Standard,469.06,PayPal,Apt 1064
427,54,Order Created,8/20/2021,640,22,Express,112.58,Credit Card,Room 1520
428,22,Picked Up,4/7/2021,556,26,Express,152.53,PayPal,Apt 401
429,58,Completed,5/10/2021,542,29,Express,128.58,PayPal,Suite 53
430,22,Ironing,5/29/2021,521,11,Standard,131.26,Cash,PO Box 95757
431,43,Completed,9/27/2021,618,43,Express,361.52,Cash,Apt 1665
432,18,Picked Up,6/26/2021,593,13,Premium,299.26,Credit Card,PO Box 73094
433,14,Completed,1/23/2021,763,10,Premium,409.1,PayPal,Apt 1669
434,41,Order Created,11/15/2021,995,41,Express,265.11,PayPal,Apt 710
435,55,Order Created,5/30/2021,783,5,Premium,390.14,Credit Card,Apt 1400
436,41,Completed,9/21/2021,303,20,Express,71.3,PayPal,Apt 157
437,41,Washing,7/10/2021,735,22,Premium,190.29,PayPal,Apt 338
438,12,Ironing,4/30/2021,888,44,Express,449.79,PayPal,Apt 1364
439,24,Out for Delivery,2/24/2021,608,50,Premium,431.09,PayPal,PO Box 73700
440,38,Out for Delivery,10/12/2021,862,20,Express,362.09,Credit Card,Suite 1
441,30,Picked Up,11/20/2021,381,29,Premium,313.86,PayPal,7th Floor
442,19,Ironing,1/23/2021,431,26,Premium,373.12,Credit Card,4th Floor
443,34,Completed,8/20/2021,814,19,Express,116.06,PayPal,10th Floor
444,23,Ironing,5/3/2021,290,2,Express,46.14,Cash,PO Box 84808
445,36,Completed,8/4/2021,314,45,Express,296.56,Cash,Suite 25
446,55,Out for Delivery,4/6/2021,127,40,Premium,328.4,Cash,Room 1982
447,36,Ironing,1/15/2021,709,38,Premium,457.96,Credit Card,Room 1605
448,60,Order Created,10/14/2021,293,42,Express,220.88,Credit Card,Suite 68
449,1,Order Created,9/1/2021,943,21,Standard,74.67,Cash,Suite 82
450,38,Order Created,7/22/2021,358,11,Standard,332.62,PayPal,Room 1344
451,41,Out for Delivery,10/15/2021,378,5,Express,152.42,PayPal,Apt 583
452,4,Completed,9/24/2021,413,23,Express,340.43,Cash,PO Box 9700
453,18,Ironing,6/13/2021,815,47,Premium,90.02,Credit Card,Apt 1269
454,59,Out for Delivery,1/7/2021,290,2,Premium,397.26,PayPal,Room 1375
455,25,Completed,1/20/2021,453,35,Standard,49.84,Credit Card,11th Floor
456,1,Picked Up,4/26/2021,668,47,Express,45.69,Cash,Room 608
457,52,Completed,12/2/2021,122,46,Standard,206.15,Credit Card,Suite 83
458,41,Picked Up,3/18/2021,262,5,Standard,177.4,Cash,6th Floor
459,27,Order Created,5/10/2021,889,48,Premium,237.08,Cash,Apt 1038
460,8,Picked Up,1/19/2021,193,18,Standard,402.55,Credit Card,Apt 1006
461,38,Out for Delivery,12/21/2021,394,1,Premium,104.94,Credit Card,Room 93
462,8,Ironing,2/1/2021,762,38,Premium,196.23,Cash,PO Box 43083
463,5,Ironing,4/8/2021,48,7,Premium,186.54,Credit Card,Apt 207
464,60,Washing,12/24/2021,949,28,Express,443.7,Credit Card,Apt 1754
465,40,Ironing,11/9/2021,323,15,Standard,47.27,Credit Card,Room 951
466,4,Completed,9/29/2021,103,22,Standard,138.18,Cash,11th Floor
467,35,Picked Up,10/26/2021,58,9,Premium,269.41,PayPal,Suite 8
468,3,Completed,7/27/2021,571,27,Standard,402.79,PayPal,PO Box 38952
469,41,Completed,9/17/2021,66,28,Express,387.56,Credit Card,Apt 1412
470,58,Picked Up,3/30/2021,721,7,Standard,176.93,PayPal,PO Box 38582
471,5,Picked Up,3/6/2021,831,10,Standard,202.25,PayPal,Apt 1940
472,59,Order Created,11/13/2021,605,40,Express,343.32,Credit Card,PO Box 2124
473,44,Completed,6/16/2021,272,10,Standard,326.07,PayPal,Room 1707
474,34,Picked Up,12/12/2021,529,25,Premium,37.92,Credit Card,Suite 15
475,1,Completed,11/13/2021,855,17,Premium,290.38,Cash,7th Floor
476,44,Washing,6/10/2021,788,46,Express,465.24,Credit Card,Apt 566
477,30,Picked Up,1/4/2021,999,5,Premium,179.28,Cash,PO Box 53359
478,28,Out for Delivery,10/15/2021,1,27,Standard,35.86,PayPal,16th Floor
479,58,Order Created,4/7/2021,862,41,Standard,293.01,Cash,Apt 54
480,9,Washing,10/7/2021,60,43,Standard,464.24,Cash,Suite 46
481,49,Ironing,12/1/2021,132,44,Standard,414.75,PayPal,Apt 1619
482,7,Picked Up,11/1/2021,753,38,Standard,345.71,PayPal,Apt 147
483,33,Ironing,8/28/2021,573,45,Premium,146.94,PayPal,PO Box 92945
484,48,Order Created,11/3/2021,283,39,Standard,287.63,Credit Card,Apt 1076
485,16,Order Created,9/25/2021,258,21,Express,87.99,Cash,2nd Floor
486,14,Ironing,7/6/2021,966,28,Premium,332.85,PayPal,Room 1860
487,34,Picked Up,9/7/2021,348,47,Express,216.21,Cash,Suite 11
488,38,Out for Delivery,4/27/2021,149,49,Express,73.07,Credit Card,Suite 37
489,59,Out for Delivery,2/11/2021,502,16,Express,102.53,Cash,Suite 9
490,44,Completed,6/16/2021,52,10,Express,263.61,PayPal,Apt 1961
491,15,Completed,12/14/2021,889,23,Premium,93.11,Cash,Room 490
492,56,Order Created,5/12/2021,212,28,Standard,207.62,Credit Card,Apt 1296
493,50,Picked Up,3/15/2021,394,38,Standard,165.45,Credit Card,Apt 1342
494,35,Out for Delivery,12/17/2021,932,9,Standard,158.2,PayPal,Apt 501
495,44,Out for Delivery,10/15/2021,77,13,Standard,239.62,PayPal,PO Box 20882
496,60,Completed,8/26/2021,889,13,Premium,446.89,Cash,12th Floor
497,38,Washing,5/11/2021,628,49,Express,73.09,Cash,16th Floor
498,10,Washing,1/4/2021,758,31,Premium,306.96,PayPal,Room 94
499,24,Completed,1/28/2021,511,21,Premium,437.9,Cash,Room 1393
500,33,Completed,2/2/2021,282,16,Standard,85.54,Credit Card,14th Floor
501,35,Washing,8/24/2021,871,44,Express,53.12,Credit Card,Apt 1495
502,4,Ironing,12/10/2021,997,1,Standard,229.4,PayPal,Apt 1770
503,23,Completed,4/24/2021,850,40,Standard,71.62,PayPal,PO Box 17519
504,21,Picked Up,12/17/2021,49,6,Standard,465.39,Credit Card,Suite 93
505,22,Completed,3/20/2021,124,34,Premium,366.61,Credit Card,Apt 480
506,56,Completed,7/15/2021,461,26,Premium,243.5,Credit Card,Room 1865
507,46,Order Created,1/31/2021,200,28,Standard,60.39,Cash,Room 1335
508,6,Out for Delivery,11/12/2021,294,22,Express,85.65,Cash,Suite 68
509,5,Washing,2/2/2021,935,6,Premium,462.75,Credit Card,Suite 54
510,4,Picked Up,12/23/2021,467,1,Premium,68.2,Cash,11th Floor
511,55,Picked Up,12/3/2021,337,20,Express,220.12,Credit Card,6th Floor
512,13,Order Created,7/26/2021,267,33,Standard,27.98,Cash,Apt 1976
513,12,Completed,12/23/2021,828,41,Express,151.77,PayPal,Apt 23
514,36,Washing,8/19/2021,757,41,Standard,154.31,Credit Card,Suite 5
515,46,Ironing,8/16/2021,368,8,Express,163.72,PayPal,18th Floor
516,39,Picked Up,2/16/2021,635,46,Express,183.92,Cash,Suite 3
517,27,Picked Up,3/13/2021,552,4,Premium,285.57,Cash,Room 1292
518,24,Out for Delivery,3/1/2021,290,15,Premium,366.87,PayPal,12th Floor
519,56,Out for Delivery,3/21/2021,318,11,Premium,499.13,Cash,8th Floor
520,58,Ironing,5/27/2021,215,44,Express,83.44,Credit Card,Room 954
521,28,Completed,7/26/2021,234,19,Express,279.47,Cash,Suite 61
522,29,Order Created,5/17/2021,749,22,Standard,422.94,Cash,Room 574
523,60,Picked Up,2/2/2021,572,40,Express,81.65,Cash,Apt 361
524,49,Out for Delivery,11/6/2021,184,5,Standard,358.4,Cash,Suite 74
525,19,Out for Delivery,9/4/2021,248,26,Premium,136.0,PayPal,Apt 1814
526,24,Out for Delivery,10/12/2021,477,26,Standard,385.32,Cash,6th Floor
527,9,Order Created,5/8/2021,557,19,Standard,355.43,Cash,Suite 15
528,5,Washing,4/18/2021,967,43,Express,419.23,Credit Card,Suite 62
529,34,Ironing,3/5/2021,813,11,Premium,388.95,Credit Card,PO Box 4097
530,8,Picked Up,1/3/2021,311,34,Standard,433.93,Cash,Apt 477
531,2,Picked Up,8/16/2021,921,6,Premium,378.45,PayPal,Suite 53
532,42,Ironing,11/25/2021,97,30,Standard,374.62,Credit Card,4th Floor
533,4,Completed,10/17/2021,781,13,Standard,293.5,PayPal,PO Box 64341
534,45,Ironing,9/6/2021,828,34,Standard,385.6,PayPal,15th Floor
535,15,Completed,5/25/2021,370,1,Standard,265.77,Credit Card,7th Floor
536,15,Order Created,9/13/2021,521,5,Standard,122.64,Cash,Room 1396
537,38,Picked Up,1/14/2021,350,27,Standard,380.33,Credit Card,13th Floor
538,34,Order Created,2/24/2021,903,11,Express,306.19,PayPal,Suite 87
539,29,Ironing,1/19/2021,240,41,Standard,131.08,Credit Card,Room 526
540,17,Picked Up,7/18/2021,842,50,Express,75.91,PayPal,Room 1081
541,60,Picked Up,1/23/2021,373,39,Standard,384.39,Cash,Apt 1838
542,26,Out for Delivery,12/13/2021,986,30,Express,204.51,Credit Card,Suite 17
543,23,Ironing,8/31/2021,432,36,Standard,80.8,Credit Card,Room 1190
544,20,Out for Delivery,7/17/2021,74,10,Standard,468.53,Cash,17th Floor
545,58,Out for Delivery,12/11/2021,332,25,Premium,207.91,Credit Card,Apt 1864
546,36,Picked Up,10/1/2021,359,4,Standard,219.57,Credit Card,Suite 98
547,5,Out for Delivery,3/12/2021,60,4,Standard,123.83,PayPal,Room 158
548,7,Ironing,5/12/2021,748,31,Standard,498.36,Credit Card,6th Floor
549,48,Washing,5/18/2021,131,15,Standard,31.13,PayPal,14th Floor
550,2,Washing,5/31/2021,108,22,Standard,346.53,PayPal,PO Box 31329
551,23,Washing,2/25/2021,197,18,Express,447.75,PayPal,Suite 11
552,51,Washing,3/17/2021,746,28,Express,104.79,Credit Card,10th Floor
553,57,Out for Delivery,1/20/2021,310,6,Standard,453.75,Cash,PO Box 94029
554,16,Washing,1/27/2021,671,12,Standard,481.63,Cash,Suite 37
555,16,Completed,12/17/2021,433,18,Express,18.16,Credit Card,Apt 1481
556,17,Order Created,11/20/2021,621,14,Premium,469.47,PayPal,Suite 3
557,34,Picked Up,11/24/2021,863,16,Standard,125.41,Cash,PO Box 18744
558,39,Order Created,3/22/2021,664,38,Express,206.87,Cash,Suite 27
559,40,Out for Delivery,10/17/2021,138,34,Premium,301.35,Credit Card,14th Floor
560,45,Ironing,4/29/2021,836,18,Standard,151.82,Credit Card,PO Box 89700
561,52,Order Created,11/20/2021,131,11,Premium,460.49,Cash,Room 197
562,26,Ironing,9/18/2021,232,6,Premium,75.51,PayPal,Suite 17
563,24,Out for Delivery,7/16/2021,227,35,Standard,217.01,Cash,14th Floor
564,51,Picked Up,3/10/2021,242,24,Standard,163.77,PayPal,Apt 631
565,29,Ironing,2/23/2021,734,13,Standard,270.93,Credit Card,10th Floor
566,52,Picked Up,7/26/2021,102,6,Premium,497.65,Credit Card,15th Floor
567,15,Ironing,6/9/2021,739,20,Premium,189.47,PayPal,Apt 115
568,53,Order Created,5/10/2021,10,40,Premium,56.67,Cash,Apt 1324
569,60,Ironing,8/17/2021,526,12,Express,74.57,PayPal,Suite 22
570,52,Completed,8/8/2021,516,22,Premium,200.5,PayPal,PO Box 92491
571,48,Order Created,3/31/2021,542,42,Express,398.59,PayPal,PO Box 9271
572,52,Order Created,11/9/2021,110,3,Standard,426.88,PayPal,Apt 1937
573,41,Out for Delivery,11/3/2021,472,19,Premium,34.26,Cash,Room 640
574,58,Ironing,8/2/2021,533,5,Express,475.92,Cash,PO Box 7465
575,30,Picked Up,5/26/2021,880,26,Premium,338.4,Credit Card,Room 169
576,12,Picked Up,10/11/2021,734,2,Standard,441.85,PayPal,Suite 8
577,3,Ironing,1/21/2021,118,49,Express,14.4,PayPal,Suite 15
578,44,Completed,7/16/2021,308,25,Express,209.53,PayPal,Suite 92
579,46,Completed,8/3/2021,976,29,Premium,317.38,PayPal,PO Box 50521
580,28,Out for Delivery,10/23/2021,155,19,Standard,415.43,Credit Card,Room 1887
581,22,Washing,3/24/2021,714,3,Premium,183.01,PayPal,PO Box 71312
582,3,Completed,3/7/2021,204,24,Express,327.33,Credit Card,3rd Floor
583,55,Washing,1/1/2021,24,19,Express,430.86,PayPal,PO Box 29967
584,46,Ironing,2/11/2021,639,47,Premium,72.13,Cash,Suite 88
585,17,Ironing,4/3/2021,407,44,Standard,101.72,PayPal,Room 1072
586,18,Picked Up,12/23/2021,967,11,Standard,66.87,PayPal,PO Box 45990
587,10,Ironing,12/16/2021,12,46,Premium,259.46,Credit Card,Room 534
588,53,Out for Delivery,7/11/2021,98,27,Express,158.35,PayPal,Suite 49
589,51,Ironing,12/4/2021,522,2,Standard,192.38,Credit Card,11th Floor
590,36,Order Created,5/18/2021,552,38,Standard,273.67,PayPal,Apt 744
591,34,Out for Delivery,10/2/2021,46,1,Standard,341.42,Cash,Apt 1279
592,39,Picked Up,11/12/2021,970,1,Premium,178.26,Credit Card,13th Floor
593,22,Picked Up,4/16/2021,210,39,Standard,150.16,Credit Card,8th Floor
594,26,Completed,10/15/2021,266,21,Express,242.98,Cash,Apt 1474
595,23,Ironing,5/17/2021,639,24,Premium,483.11,PayPal,6th Floor
596,21,Washing,11/14/2021,430,27,Standard,216.94,Cash,Room 1496
597,36,Completed,2/24/2021,437,11,Premium,210.87,PayPal,Apt 7
598,12,Out for Delivery,12/26/2021,654,17,Standard,152.68,Cash,Apt 1263
599,12,Picked Up,9/21/2021,50,17,Express,282.28,Cash,Suite 37
600,50,Ironing,10/29/2021,315,35,Standard,383.08,PayPal,Suite 12
601,52,Ironing,12/22/2021,77,34,Express,281.92,PayPal,5th Floor
602,9,Ironing,5/20/2021,465,13,Standard,19.22,Cash,PO Box 56418
603,1,Out for Delivery,12/14/2021,887,5,Express,348.57,Credit Card,Room 516
604,47,Ironing,1/8/2021,97,14,Premium,15.45,PayPal,Suite 66
605,21,Washing,12/17/2021,428,36,Express,66.3,Credit Card,19th Floor
606,60,Completed,10/31/2021,540,25,Standard,309.62,Credit Card,Apt 1406
607,26,Picked Up,12/18/2021,201,15,Premium,388.57,Credit Card,PO Box 36052
608,10,Ironing,10/27/2021,549,20,Standard,71.88,PayPal,PO Box 42407
609,31,Out for Delivery,1/17/2021,940,47,Premium,174.59,Credit Card,PO Box 24405
610,28,Picked Up,7/23/2021,873,29,Premium,386.87,Credit Card,Suite 34
611,25,Order Created,9/29/2021,707,8,Standard,222.49,PayPal,PO Box 91967
612,38,Picked Up,3/3/2021,182,15,Express,315.93,Credit Card,Suite 85
613,14,Washing,12/20/2021,185,28,Express,262.04,Cash,3rd Floor
614,2,Picked Up,9/12/2021,651,5,Premium,313.5,Cash,Apt 318
615,2,Ironing,5/14/2021,371,25,Standard,490.82,Credit Card,Room 810
616,55,Out for Delivery,8/22/2021,180,14,Premium,423.08,Credit Card,Room 134
617,54,Picked Up,3/20/2021,639,2,Standard,138.38,Credit Card,Room 230
618,7,Ironing,4/3/2021,276,36,Premium,376.82,Credit Card,Apt 57
619,5,Order Created,4/26/2021,108,9,Express,98.81,Cash,15th Floor
620,16,Washing,2/14/2021,861,44,Standard,23.7,Cash,Suite 35
621,16,Ironing,1/26/2021,245,14,Premium,283.04,PayPal,Room 1646
622,35,Washing,12/14/2021,963,49,Premium,486.55,PayPal,Apt 780
623,56,Ironing,4/16/2021,649,7,Standard,427.83,PayPal,6th Floor
624,59,Out for Delivery,8/2/2021,440,6,Premium,469.97,Cash,PO Box 42295
625,8,Picked Up,1/12/2021,902,4,Express,222.5,Credit Card,Room 1052
626,3,Out for Delivery,10/3/2021,947,34,Standard,419.75,Credit Card,16th Floor
627,55,Order Created,1/23/2021,880,12,Premium,423.96,Credit Card,Suite 86
628,27,Picked Up,4/6/2021,328,34,Standard,342.48,Credit Card,Room 435
629,32,Washing,5/31/2021,346,9,Express,289.41,Cash,Apt 1353
630,51,Out for Delivery,12/17/2021,74,18,Premium,293.86,PayPal,12th Floor
631,14,Out for Delivery,12/29/2021,446,5,Standard,284.55,Credit Card,Apt 1923
632,24,Picked Up,12/18/2021,865,27,Express,422.64,Credit Card,Suite 17
633,37,Picked Up,6/25/2021,719,42,Express,255.63,PayPal,Room 1173
634,18,Completed,12/10/2021,336,12,Express,224.67,Credit Card,Room 156
635,16,Completed,10/24/2021,415,21,Premium,57.28,PayPal,Room 452
636,54,Washing,8/20/2021,607,21,Express,375.9,Cash,Room 558
637,11,Order Created,9/8/2021,31,44,Premium,433.5,Credit Card,Suite 4
638,58,Washing,11/21/2021,1000,23,Premium,463.93,PayPal,3rd Floor
639,24,Picked Up,7/28/2021,54,21,Standard,494.3,Cash,Room 980
640,31,Ironing,2/25/2021,460,18,Standard,20.13,Credit Card,Suite 24
641,54,Washing,2/7/2021,616,30,Express,345.92,Cash,Suite 62
642,6,Order Created,9/2/2021,206,37,Standard,225.59,Credit Card,3rd Floor
643,26,Out for Delivery,1/13/2021,530,25,Express,453.18,Cash,4th Floor
644,21,Picked Up,4/20/2021,257,35,Standard,159.69,PayPal,Room 1230
645,20,Completed,8/15/2021,641,45,Premium,439.84,Credit Card,20th Floor
646,24,Out for Delivery,4/27/2021,48,8,Express,384.64,Cash,Apt 1128
647,5,Picked Up,1/11/2021,804,46,Premium,237.71,Credit Card,Suite 24
648,26,Out for Delivery,11/5/2021,20,12,Premium,361.26,Credit Card,Apt 1363
649,53,Out for Delivery,4/23/2021,561,48,Express,498.07,Credit Card,Apt 806
650,17,Picked Up,10/13/2021,902,1,Express,96.5,PayPal,17th Floor
651,60,Out for Delivery,10/23/2021,951,5,Standard,261.09,Credit Card,PO Box 88427
652,6,Order Created,2/21/2021,458,42,Premium,170.16,Credit Card,Suite 14
653,37,Ironing,7/29/2021,569,25,Premium,401.72,Credit Card,PO Box 4817
654,31,Ironing,2/25/2021,284,23,Premium,213.48,PayPal,4th Floor
655,2,Completed,10/4/2021,640,36,Premium,13.02,Cash,Room 1862
656,30,Washing,11/26/2021,871,50,Standard,256.45,Cash,2nd Floor
657,2,Out for Delivery,6/19/2021,964,47,Premium,39.75,Credit Card,PO Box 64438
658,53,Picked Up,7/21/2021,864,6,Premium,330.51,Cash,Suite 78
659,31,Picked Up,12/20/2021,112,38,Standard,129.37,Credit Card,Apt 174
660,26,Ironing,2/15/2021,119,20,Standard,106.24,Cash,Suite 95
661,22,Ironing,3/3/2021,518,1,Premium,124.82,PayPal,PO Box 2782
662,3,Picked Up,1/13/2021,193,44,Premium,438.79,Cash,Suite 60
663,59,Washing,8/22/2021,393,9,Express,71.04,PayPal,2nd Floor
664,25,Washing,9/26/2021,302,37,Express,86.98,PayPal,Apt 1881
665,54,Picked Up,12/2/2021,249,49,Premium,267.4,PayPal,PO Box 26043
666,6,Order Created,11/4/2021,544,43,Express,183.69,Credit Card,PO Box 10061
667,35,Ironing,4/19/2021,956,41,Standard,390.5,Cash,18th Floor
668,22,Order Created,12/17/2021,319,25,Standard,331.4,Credit Card,11th Floor
669,49,Completed,3/12/2021,236,27,Express,280.82,PayPal,Apt 847
670,52,Out for Delivery,9/30/2021,181,31,Standard,451.12,Cash,19th Floor
671,12,Order Created,8/6/2021,4,20,Standard,416.3,Credit Card,Apt 286
672,44,Order Created,5/8/2021,507,6,Express,194.34,PayPal,Suite 85
673,23,Picked Up,2/19/2021,598,4,Express,495.64,Cash,Room 1491
674,35,Picked Up,5/21/2021,559,40,Express,173.25,PayPal,16th Floor
675,14,Picked Up,9/16/2021,786,19,Premium,30.21,Credit Card,Apt 8
676,25,Order Created,2/11/2021,325,47,Premium,330.4,PayPal,Suite 69
677,25,Order Created,9/27/2021,381,28,Express,107.86,PayPal,12th Floor
678,20,Order Created,11/29/2021,911,50,Express,129.95,Cash,PO Box 40488
679,38,Out for Delivery,6/22/2021,974,7,Premium,447.12,PayPal,Room 95
680,27,Picked Up,8/2/2021,180,21,Standard,232.1,PayPal,Room 1146
681,45,Out for Delivery,2/5/2021,426,39,Premium,183.68,Cash,Suite 26
682,22,Picked Up,1/22/2021,850,34,Express,339.04,Credit Card,Suite 91
683,43,Ironing,8/16/2021,807,39,Premium,210.94,PayPal,PO Box 52396
684,31,Ironing,10/10/2021,670,27,Express,21.61,Credit Card,6th Floor
685,55,Order Created,6/11/2021,159,15,Express,214.18,PayPal,Apt 944
686,58,Completed,2/12/2021,635,44,Standard,48.75,Cash,Room 1955
687,44,Out for Delivery,1/16/2021,591,32,Premium,201.01,Cash,Suite 68
688,54,Washing,3/6/2021,174,27,Standard,228.73,Credit Card,1st Floor
689,13,Picked Up,2/26/2021,28,2,Premium,78.47,Cash,Suite 16
690,8,Out for Delivery,2/15/2021,872,30,Standard,164.71,Credit Card,Apt 680
691,36,Ironing,3/23/2021,660,49,Express,412.44,Cash,Suite 55
692,4,Order Created,6/14/2021,597,33,Standard,35.52,PayPal,Suite 92
693,25,Washing,7/6/2021,456,32,Express,103.79,Credit Card,PO Box 58546
694,17,Out for Delivery,2/1/2021,498,21,Express,195.83,PayPal,Room 1181
695,43,Washing,4/10/2021,127,15,Premium,251.48,PayPal,Suite 99
696,56,Washing,2/19/2021,398,44,Premium,434.76,PayPal,Suite 68
697,51,Order Created,10/2/2021,22,48,Express,319.88,PayPal,Room 383
698,45,Washing,5/12/2021,149,35,Premium,362.42,PayPal,Apt 1336
699,59,Washing,4/13/2021,155,21,Express,434.49,Credit Card,Apt 1748
700,51,Washing,8/21/2021,435,10,Premium,367.13,Cash,PO Box 86616
701,19,Order Created,3/25/2021,200,14,Standard,38.18,Credit Card,Suite 56
702,20,Completed,3/31/2021,135,45,Express,160.82,Credit Card,Suite 45
703,38,Completed,3/31/2021,804,33,Express,450.46,PayPal,16th Floor
704,22,Picked Up,3/18/2021,758,17,Standard,77.48,Cash,Room 1696
705,2,Washing,11/10/2021,863,41,Standard,439.26,PayPal,Room 1874
706,26,Completed,5/28/2021,299,38,Express,344.38,PayPal,Room 1632
707,21,Picked Up,9/10/2021,544,38,Standard,72.65,Cash,Room 758
708,4,Ironing,7/22/2021,343,42,Standard,33.0,Cash,Suite 36
709,57,Out for Delivery,8/26/2021,411,15,Premium,341.51,Credit Card,PO Box 88630
710,7,Order Created,5/13/2021,611,22,Standard,122.78,PayPal,Suite 26
711,19,Out for Delivery,11/3/2021,6,24,Premium,269.13,Cash,PO Box 53005
712,19,Ironing,8/18/2021,776,43,Premium,210.78,Credit Card,Room 336
713,28,Picked Up,4/4/2021,138,9,Premium,167.92,Cash,Suite 79
714,17,Order Created,9/13/2021,25,2,Premium,250.93,Credit Card,PO Box 90031
715,17,Washing,8/13/2021,956,6,Standard,453.75,Credit Card,Apt 1969
716,36,Ironing,9/1/2021,21,46,Express,211.16,PayPal,Room 396
717,40,Washing,8/30/2021,514,18,Standard,41.29,Cash,Suite 76
718,3,Ironing,9/18/2021,810,8,Express,399.97,Cash,PO Box 9649
719,7,Order Created,11/25/2021,473,38,Express,352.34,PayPal,PO Box 52200
720,4,Completed,3/1/2021,221,32,Express,47.31,Credit Card,Suite 98
721,9,Ironing,2/17/2021,411,16,Standard,146.31,Cash,Apt 854
722,51,Out for Delivery,12/8/2021,465,32,Express,119.63,Credit Card,PO Box 14990
723,21,Order Created,12/26/2021,281,49,Standard,455.83,Cash,7th Floor
724,56,Order Created,12/16/2021,177,42,Premium,263.62,Credit Card,Room 1107
725,38,Ironing,3/14/2021,344,37,Express,389.25,Credit Card,Apt 1671
726,9,Out for Delivery,10/18/2021,445,29,Express,115.26,PayPal,10th Floor
727,39,Picked Up,7/2/2021,195,1,Express,407.92,Credit Card,Suite 3
728,12,Washing,5/20/2021,92,16,Standard,324.62,Credit Card,6th Floor
729,23,Out for Delivery,11/22/2021,739,8,Standard,492.09,PayPal,Apt 596
730,57,Order Created,5/29/2021,4,3,Premium,315.55,Credit Card,Apt 1886
731,29,Ironing,5/15/2021,792,45,Standard,336.31,Cash,PO Box 2142
732,52,Order Created,8/27/2021,264,44,Premium,412.04,Cash,14th Floor
733,8,Washing,11/13/2021,596,38,Premium,391.72,Credit Card,Room 297
734,4,Ironing,1/7/2021,357,43,Standard,106.76,Cash,14th Floor
735,5,Washing,4/19/2021,627,31,Premium,123.76,Credit Card,Room 550
736,39,Ironing,12/29/2021,641,25,Standard,426.74,PayPal,Room 145
737,14,Order Created,11/3/2021,157,5,Premium,236.53,Cash,Apt 1652
738,15,Completed,5/24/2021,470,13,Premium,36.56,Credit Card,Room 377
739,35,Ironing,12/6/2021,3,11,Express,80.85,Credit Card,PO Box 10389
740,2,Ironing,6/13/2021,896,42,Standard,326.18,Cash,Suite 75
741,21,Completed,7/12/2021,993,31,Express,376.77,PayPal,PO Box 42703
742,3,Order Created,12/7/2021,394,25,Standard,118.33,PayPal,Room 1402
743,10,Picked Up,6/16/2021,873,26,Premium,250.89,PayPal,Apt 72
744,8,Out for Delivery,4/4/2021,635,14,Standard,146.61,PayPal,Apt 449
745,51,Washing,3/6/2021,251,20,Premium,322.14,PayPal,Apt 434
746,21,Picked Up,6/24/2021,175,29,Premium,408.7,PayPal,PO Box 93550
747,24,Order Created,12/16/2021,598,29,Express,217.94,Cash,Apt 58
748,59,Picked Up,12/24/2021,495,26,Express,34.04,PayPal,Suite 69
749,39,Out for Delivery,8/4/2021,990,11,Express,22.65,Credit Card,Apt 1365
750,44,Ironing,9/30/2021,616,4,Express,288.58,PayPal,6th Floor
751,13,Completed,5/19/2021,635,7,Premium,20.1,Credit Card,Apt 981
752,39,Completed,3/9/2021,81,18,Express,253.44,PayPal,Room 1955
753,2,Picked Up,8/29/2021,975,15,Express,194.04,PayPal,Apt 1910
754,14,Completed,1/1/2021,287,13,Express,459.94,Credit Card,PO Box 52657
755,22,Out for Delivery,5/24/2021,996,50,Express,57.45,Credit Card,Apt 706
756,3,Picked Up,6/28/2021,874,23,Standard,434.42,Credit Card,Apt 1958
757,55,Picked Up,3/29/2021,139,21,Express,304.29,Credit Card,Suite 11
758,34,Ironing,7/5/2021,328,6,Express,498.1,Cash,PO Box 25504
759,27,Ironing,10/11/2021,692,42,Express,351.89,Credit Card,Suite 88
760,37,Ironing,4/7/2021,533,14,Premium,361.09,PayPal,Apt 1995
761,22,Completed,4/27/2021,455,19,Express,235.99,Cash,PO Box 63942
762,35,Ironing,1/27/2021,325,30,Standard,184.31,Credit Card,13th Floor
763,44,Picked Up,3/22/2021,101,10,Express,178.15,Credit Card,8th Floor
764,17,Completed,8/8/2021,319,6,Premium,134.4,PayPal,Suite 10
765,31,Out for Delivery,7/28/2021,463,11,Standard,395.8,PayPal,Suite 96
766,2,Out for Delivery,12/10/2021,775,23,Premium,16.08,Credit Card,Apt 1065
767,28,Completed,4/6/2021,610,9,Express,134.38,Credit Card,Suite 69
768,20,Picked Up,2/3/2021,246,2,Premium,306.8,Cash,Suite 58
769,60,Order Created,4/22/2021,682,43,Express,350.35,Cash,PO Box 20640
770,55,Ironing,5/6/2021,126,1,Premium,71.95,Cash,Room 1265
771,34,Order Created,4/10/2021,702,49,Premium,331.72,Cash,14th Floor
772,52,Ironing,3/22/2021,415,44,Premium,444.57,PayPal,Apt 916
773,39,Out for Delivery,9/18/2021,246,40,Premium,184.13,PayPal,PO Box 12400
774,6,Ironing,12/23/2021,765,15,Premium,108.53,Cash,Room 1336
775,36,Out for Delivery,9/11/2021,430,2,Express,104.31,Cash,Room 716
776,11,Out for Delivery,11/19/2021,306,17,Premium,71.2,PayPal,13th Floor
777,32,Washing,7/10/2021,696,37,Standard,226.92,Credit Card,Suite 26
778,51,Order Created,12/18/2021,150,7,Express,195.28,PayPal,18th Floor
779,38,Completed,5/19/2021,695,7,Express,481.13,PayPal,Suite 100
780,9,Ironing,6/23/2021,470,6,Standard,285.11,Credit Card,Room 394
781,40,Picked Up,2/23/2021,892,31,Premium,198.13,Credit Card,11th Floor
782,33,Washing,7/27/2021,967,16,Express,310.43,Credit Card,Apt 270
783,56,Order Created,9/13/2021,500,46,Express,202.16,Cash,PO Box 13440
784,18,Order Created,6/19/2021,148,34,Express,402.21,PayPal,PO Box 43915
785,30,Washing,9/16/2021,953,46,Premium,60.16,PayPal,11th Floor
786,43,Washing,1/17/2021,404,7,Express,284.11,PayPal,2nd Floor
787,56,Picked Up,1/28/2021,210,21,Standard,36.16,Cash,Room 1637
788,13,Order Created,3/15/2021,688,50,Premium,295.52,Cash,Room 955
789,14,Order Created,7/26/2021,950,3,Express,244.63,Cash,Room 821
790,40,Completed,8/16/2021,895,24,Standard,423.02,Credit Card,4th Floor
791,16,Washing,9/8/2021,161,2,Express,92.82,PayPal,11th Floor
792,15,Ironing,10/30/2021,518,26,Premium,165.81,Cash,Apt 134
793,22,Completed,8/13/2021,446,33,Express,63.96,Credit Card,Suite 81
794,2,Completed,11/10/2021,929,3,Standard,339.49,Credit Card,PO Box 42225
795,40,Picked Up,7/15/2021,26,24,Express,359.36,Credit Card,Apt 74
796,4,Out for Delivery,6/1/2021,938,17,Express,383.81,Credit Card,Suite 86
797,27,Completed,3/14/2021,760,18,Express,160.52,Credit Card,Apt 1153
798,2,Picked Up,11/19/2021,495,2,Standard,59.88,Credit Card,13th Floor
799,26,Out for Delivery,8/17/2021,582,43,Standard,170.58,PayPal,Room 1652
800,19,Completed,4/10/2021,871,35,Premium,340.48,PayPal,PO Box 64705
801,30,Out for Delivery,1/23/2021,850,25,Express,142.9,Credit Card,PO Box 26318
802,39,Completed,3/7/2021,59,29,Standard,148.52,PayPal,Room 257
803,15,Out for Delivery,10/29/2021,170,30,Standard,164.84,PayPal,Apt 845
804,45,Picked Up,3/14/2021,882,36,Standard,375.13,PayPal,Apt 965
805,10,Order Created,3/24/2021,121,39,Express,204.25,PayPal,Apt 784
806,11,Ironing,12/27/2021,129,32,Standard,125.57,PayPal,7th Floor
807,17,Out for Delivery,8/26/2021,435,41,Premium,59.0,Credit Card,Suite 6
808,19,Completed,12/10/2021,823,3,Express,428.32,Cash,Suite 17
809,33,Completed,6/15/2021,987,33,Standard,178.52,Cash,Room 1646
810,4,Order Created,6/7/2021,126,16,Premium,426.44,PayPal,Room 1124
811,48,Picked Up,8/11/2021,154,1,Standard,211.37,PayPal,Suite 65
812,21,Ironing,7/21/2021,752,4,Standard,429.58,Cash,6th Floor
813,5,Completed,6/13/2021,813,17,Express,298.43,Credit Card,Suite 42
814,32,Picked Up,6/8/2021,110,42,Express,217.72,Cash,Apt 808
815,42,Completed,9/3/2021,656,48,Express,74.12,Cash,Apt 186
816,23,Order Created,7/23/2021,254,44,Standard,245.28,PayPal,PO Box 75893
817,34,Order Created,6/26/2021,261,9,Premium,136.08,Cash,Suite 17
818,5,Washing,9/24/2021,851,7,Express,418.09,Credit Card,Apt 1823
819,5,Ironing,1/9/2021,740,14,Express,293.66,Cash,PO Box 92003
820,30,Washing,12/17/2021,929,27,Premium,362.62,PayPal,PO Box 33576
821,26,Ironing,11/3/2021,462,18,Standard,348.97,Cash,11th Floor
822,30,Washing,2/7/2021,250,42,Standard,476.18,PayPal,Room 177
823,45,Completed,1/9/2021,696,47,Express,431.24,PayPal,Room 1320
824,1,Completed,7/21/2021,392,24,Standard,99.13,Credit Card,Apt 1564
825,27,Order Created,8/23/2021,724,50,Standard,256.68,Credit Card,Suite 48
826,44,Washing,2/4/2021,325,43,Premium,379.25,PayPal,Apt 32
827,15,Washing,11/18/2021,487,24,Express,258.24,Credit Card,Suite 10
828,49,Completed,12/22/2021,287,27,Standard,223.48,Cash,Room 325
829,11,Picked Up,12/14/2021,4,39,Express,18.63,PayPal,20th Floor
830,26,Ironing,6/11/2021,717,38,Standard,292.8,Cash,Suite 51
831,32,Order Created,6/29/2021,172,44,Premium,353.42,PayPal,PO Box 85403
832,8,Washing,12/5/2021,269,28,Standard,100.88,Credit Card,Apt 1736
833,3,Picked Up,6/5/2021,340,27,Express,207.54,Credit Card,PO Box 91736
834,6,Washing,12/2/2021,485,49,Express,395.23,Cash,Apt 50
835,22,Order Created,3/27/2021,473,39,Express,87.39,PayPal,PO Box 41272
836,34,Completed,2/21/2021,440,38,Express,31.65,Credit Card,Room 1145
837,58,Washing,9/4/2021,246,13,Standard,134.19,Credit Card,PO Box 25723
838,18,Completed,12/16/2021,78,12,Standard,105.52,PayPal,PO Box 52587
839,32,Order Created,10/27/2021,819,27,Standard,189.85,PayPal,Room 387
840,1,Washing,10/13/2021,294,5,Express,106.36,PayPal,Room 1976
841,32,Out for Delivery,2/8/2021,151,31,Premium,211.41,PayPal,14th Floor
842,22,Washing,8/10/2021,878,1,Standard,361.49,Cash,Apt 1423
843,38,Washing,9/14/2021,429,8,Express,371.88,PayPal,5th Floor
844,12,Picked Up,2/7/2021,45,3,Standard,451.76,Cash,Apt 433
845,52,Out for Delivery,5/8/2021,947,5,Express,179.97,Credit Card,Room 531
846,4,Order Created,7/28/2021,921,35,Express,448.02,Cash,Apt 273
847,37,Completed,2/19/2021,368,10,Express,311.58,Credit Card,10th Floor
848,46,Order Created,5/30/2021,577,22,Express,101.57,Cash,Room 268
849,32,Picked Up,9/5/2021,339,5,Express,420.77,PayPal,PO Box 47607
850,17,Out for Delivery,7/6/2021,558,3,Standard,365.42,Credit Card,Room 1098
851,51,Completed,8/24/2021,902,20,Standard,271.5,Credit Card,PO Box 18545
852,17,Order Created,4/15/2021,632,41,Express,16.12,Credit Card,PO Box 17412
853,35,Picked Up,1/23/2021,777,16,Standard,491.97,Cash,Suite 10
854,47,Picked Up,8/5/2021,264,23,Premium,58.74,Cash,Suite 34
855,44,Washing,4/4/2021,841,13,Standard,426.64,Credit Card,Room 821
856,29,Picked Up,11/4/2021,650,30,Standard,250.38,Credit Card,Room 1117
857,4,Washing,12/8/2021,73,40,Standard,454.42,PayPal,Suite 88
858,4,Order Created,5/8/2021,718,19,Express,457.22,PayPal,Room 814
859,25,Order Created,8/29/2021,140,19,Express,342.81,PayPal,Suite 100
860,21,Ironing,12/20/2021,381,17,Express,396.99,PayPal,Suite 67
861,31,Out for Delivery,12/7/2021,878,49,Premium,305.42,PayPal,PO Box 89466
862,25,Picked Up,11/14/2021,592,2,Express,193.72,Cash,Apt 1269
863,28,Out for Delivery,4/18/2021,47,33,Premium,106.26,Credit Card,Apt 1628
864,30,Out for Delivery,5/22/2021,821,44,Premium,174.26,Credit Card,1st Floor
865,49,Completed,5/19/2021,836,9,Premium,19.18,PayPal,Room 400
866,50,Picked Up,6/26/2021,126,27,Premium,342.99,Cash,Room 958
867,42,Completed,1/12/2021,886,44,Premium,349.96,PayPal,PO Box 13506
868,42,Ironing,4/15/2021,815,30,Express,190.22,PayPal,13th Floor
869,36,Washing,12/21/2021,685,7,Standard,446.01,Credit Card,PO Box 74659
870,12,Order Created,7/11/2021,638,6,Standard,175.93,PayPal,PO Box 36982
871,56,Ironing,6/10/2021,144,39,Standard,69.92,Cash,PO Box 22005
872,32,Ironing,4/1/2021,1000,27,Express,122.43,PayPal,Room 1872
873,17,Completed,2/2/2021,28,28,Premium,371.58,PayPal,PO Box 12842
874,5,Out for Delivery,7/25/2021,120,11,Standard,34.41,Cash,Room 403
875,60,Completed,3/2/2021,802,21,Express,319.44,Credit Card,Apt 882
876,10,Completed,4/13/2021,736,36,Express,367.73,PayPal,12th Floor
877,48,Completed,5/3/2021,194,5,Express,219.07,Credit Card,16th Floor
878,53,Order Created,2/26/2021,406,36,Express,397.19,PayPal,PO Box 45965
879,37,Order Created,11/6/2021,693,20,Premium,202.46,PayPal,PO Box 82225
880,35,Completed,9/22/2021,83,16,Express,399.24,Cash,PO Box 49474
881,16,Picked Up,9/1/2021,913,21,Premium,71.23,PayPal,16th Floor
882,38,Completed,5/18/2021,308,11,Express,267.85,PayPal,PO Box 50452
883,20,Ironing,1/14/2021,177,14,Standard,395.23,PayPal,PO Box 94318
884,58,Ironing,9/9/2021,51,49,Standard,448.58,Cash,Apt 240
885,33,Picked Up,5/3/2021,592,25,Express,130.99,PayPal,Room 382
886,16,Ironing,4/22/2021,99,41,Standard,14.99,Credit Card,Suite 96
887,21,Completed,2/23/2021,136,33,Standard,127.08,PayPal,Room 531
888,27,Ironing,11/21/2021,698,7,Standard,49.51,Cash,PO Box 55808
889,47,Completed,4/27/2021,219,42,Premium,253.9,PayPal,16th Floor
890,8,Washing,3/1/2021,575,4,Express,425.01,Cash,Room 711
891,56,Completed,3/9/2021,683,10,Premium,167.58,Cash,7th Floor
892,15,Picked Up,3/5/2021,180,6,Express,112.13,Cash,PO Box 63045
893,54,Picked Up,4/16/2021,54,21,Express,164.39,Credit Card,PO Box 12666
894,30,Picked Up,5/11/2021,54,1,Standard,115.87,Credit Card,3rd Floor
895,30,Order Created,6/10/2021,2,7,Standard,246.64,Cash,Room 933
896,13,Completed,4/30/2021,881,25,Premium,235.36,PayPal,Apt 316
897,20,Picked Up,11/11/2021,645,20,Express,280.85,PayPal,PO Box 80687
898,1,Out for Delivery,1/3/2021,232,16,Express,254.12,Cash,14th Floor
899,57,Out for Delivery,1/3/2021,286,49,Premium,68.05,Cash,Suite 48
900,35,Completed,4/23/2021,968,13,Express,208.52,Cash,Apt 1120
901,9,Picked Up,12/11/2021,400,20,Premium,326.15,Credit Card,12th Floor
902,10,Order Created,6/11/2021,34,13,Premium,255.36,PayPal,Suite 98
903,22,Out for Delivery,1/28/2021,443,33,Standard,183.44,Cash,Suite 70
904,2,Picked Up,1/18/2021,238,46,Express,400.78,Credit Card,3rd Floor
905,16,Picked Up,11/13/2021,624,18,Premium,499.66,Credit Card,Suite 82
906,11,Ironing,10/23/2021,979,7,Standard,14.05,PayPal,PO Box 80919
907,29,Out for Delivery,12/18/2021,639,39,Express,130.07,Credit Card,15th Floor
908,33,Out for Delivery,9/30/2021,995,46,Premium,262.76,Credit Card,Room 578
909,54,Out for Delivery,7/30/2021,354,32,Express,384.37,Credit Card,PO Box 9262
910,35,Order Created,10/28/2021,713,50,Express,124.92,PayPal,Room 1400
911,48,Picked Up,4/1/2021,609,36,Express,40.05,Cash,PO Box 75128
912,31,Picked Up,7/3/2021,530,21,Standard,15.1,Cash,2nd Floor
913,46,Order Created,8/16/2021,868,17,Premium,56.85,PayPal,Room 1390
914,47,Order Created,5/16/2021,324,17,Express,110.21,Cash,Apt 1194
915,10,Out for Delivery,10/27/2021,436,37,Standard,373.0,Cash,PO Box 36737
916,7,Out for Delivery,6/26/2021,327,22,Standard,490.09,Cash,Suite 18
917,28,Picked Up,10/21/2021,362,29,Standard,142.16,Cash,16th Floor
918,18,Picked Up,3/29/2021,278,17,Express,96.48,Cash,Room 935
919,30,Picked Up,3/1/2021,456,45,Express,154.93,PayPal,Room 871
920,56,Order Created,6/30/2021,731,8,Premium,48.02,PayPal,Apt 224
921,10,Order Created,8/27/2021,390,16,Express,313.06,Credit Card,PO Box 98711
922,18,Completed,12/9/2021,3,40,Express,115.44,Credit Card,Apt 596
923,45,Picked Up,7/27/2021,580,48,Express,160.99,Credit Card,Apt 639
924,58,Out for Delivery,9/28/2021,109,35,Premium,115.68,Cash,9th Floor
925,32,Order Created,7/23/2021,113,15,Premium,326.47,PayPal,Room 971
926,48,Completed,7/18/2021,432,49,Standard,387.89,PayPal,Suite 69
927,43,Completed,9/21/2021,685,40,Express,59.54,PayPal,Suite 90
928,32,Completed,4/22/2021,684,32,Premium,370.13,PayPal,PO Box 36864
929,13,Ironing,10/27/2021,628,21,Premium,349.1,Cash,6th Floor
930,28,Order Created,10/21/2021,956,30,Standard,332.6,Cash,5th Floor
931,40,Picked Up,10/15/2021,175,11,Express,422.53,Credit Card,Apt 1917
932,8,Picked Up,5/17/2021,447,41,Express,89.69,PayPal,Suite 46
933,39,Picked Up,9/26/2021,430,40,Express,100.48,Credit Card,Suite 40
934,13,Ironing,12/29/2021,520,12,Express,410.13,Credit Card,Room 671
935,3,Out for Delivery,9/6/2021,307,37,Express,55.02,Credit Card,PO Box 67496
936,45,Ironing,4/5/2021,738,32,Standard,35.09,Credit Card,Apt 590
937,4,Washing,10/11/2021,551,2,Premium,240.85,Credit Card,Room 1787
938,22,Out for Delivery,7/1/2021,403,32,Standard,372.57,Cash,14th Floor
939,54,Out for Delivery,7/12/2021,591,25,Express,165.21,Credit Card,Apt 1389
940,17,Ironing,6/30/2021,348,9,Premium,237.76,PayPal,Suite 100
941,57,Washing,8/10/2021,165,33,Express,199.94,Cash,Suite 56
942,22,Completed,5/8/2021,8,35,Standard,275.06,Cash,PO Box 84745
943,35,Ironing,1/28/2021,194,13,Express,375.33,Credit Card,Apt 467
944,28,Washing,1/2/2021,849,44,Premium,46.93,Cash,Room 1796
945,18,Washing,2/21/2021,65,3,Express,168.94,PayPal,Apt 791
946,60,Ironing,1/23/2021,818,49,Premium,352.65,Cash,Room 1876
947,21,Ironing,12/7/2021,17,27,Express,34.86,Credit Card,Suite 92
948,7,Washing,9/15/2021,245,36,Standard,54.0,Cash,Suite 39
949,48,Order Created,5/1/2021,130,24,Standard,109.85,Credit Card,Room 1165
950,58,Out for Delivery,2/5/2021,31,15,Express,340.4,PayPal,Apt 988
951,41,Out for Delivery,9/5/2021,344,20,Premium,109.71,Credit Card,20th Floor
952,52,Washing,4/2/2021,338,1,Express,143.57,Cash,Suite 100
953,32,Picked Up,12/2/2021,293,5,Standard,89.18,Credit Card,Room 1582
954,5,Out for Delivery,8/18/2021,191,42,Premium,346.79,PayPal,11th Floor
955,6,Ironing,5/22/2021,260,49,Standard,39.95,Credit Card,Apt 1785
956,27,Picked Up,3/31/2021,634,4,Standard,213.51,PayPal,12th Floor
957,3,Washing,5/19/2021,124,6,Premium,471.28,Cash,Room 14
958,29,Out for Delivery,6/17/2021,924,31,Premium,433.87,Cash,Suite 80
959,35,Washing,9/21/2021,95,49,Premium,253.41,Cash,Apt 702
960,46,Ironing,5/15/2021,475,24,Standard,120.2,Cash,11th Floor
961,49,Out for Delivery,7/30/2021,38,13,Express,462.73,PayPal,Apt 273
962,6,Ironing,3/23/2021,721,42,Premium,445.12,Cash,Room 1210
963,57,Picked Up,8/5/2021,664,4,Express,31.01,PayPal,Suite 21
964,43,Ironing,4/23/2021,524,6,Standard,224.47,Cash,11th Floor
965,7,Completed,2/12/2021,700,29,Express,429.83,PayPal,Apt 420
966,37,Picked Up,5/21/2021,838,46,Standard,442.55,Credit Card,19th Floor
967,29,Picked Up,10/7/2021,875,1,Standard,282.58,Credit Card,Room 110
968,53,Ironing,8/17/2021,46,32,Premium,433.71,PayPal,PO Box 64790
969,39,Ironing,8/10/2021,731,28,Express,12.86,PayPal,17th Floor
970,17,Ironing,2/21/2021,800,36,Express,280.04,Credit Card,Apt 381
971,27,Out for Delivery,7/15/2021,594,37,Express,408.8,PayPal,Room 586
972,23,Picked Up,1/1/2021,118,43,Express,115.33,Cash,10th Floor
973,26,Out for Delivery,3/19/2021,679,3,Premium,113.56,PayPal,PO Box 97186
974,41,Ironing,9/18/2021,824,30,Standard,228.96,Credit Card,Suite 83
975,21,Out for Delivery,7/16/2021,665,20,Premium,321.45,Cash,Apt 1216
976,30,Ironing,8/22/2021,580,37,Express,350.63,Credit Card,12th Floor
977,35,Washing,5/30/2021,775,48,Express,173.71,Cash,Suite 21
978,2,Washing,4/24/2021,436,14,Standard,29.64,PayPal,Suite 23
979,22,Out for Delivery,7/10/2021,72,37,Express,319.04,Cash,Apt 1244
980,21,Order Created,10/17/2021,537,12,Standard,179.67,Credit Card,19th Floor
981,59,Ironing,3/13/2021,243,36,Premium,457.47,Cash,Room 472
982,35,Out for Delivery,6/5/2021,747,2,Express,134.38,Credit Card,6th Floor
983,6,Out for Delivery,5/14/2021,391,49,Express,190.03,Cash,PO Box 63747
984,60,Order Created,8/7/2021,157,22,Standard,159.97,Credit Card,Room 1183
985,45,Washing,10/27/2021,220,20,Premium,343.76,PayPal,PO Box 85908
986,47,Picked Up,6/29/2021,24,40,Premium,434.52,Credit Card,Room 1981
987,44,Out for Delivery,9/22/2021,649,4,Premium,161.12,Cash,Room 1102
988,18,Completed,7/13/2021,88,45,Premium,339.28,Credit Card,Apt 1876
989,13,Washing,5/4/2021,375,21,Express,281.16,PayPal,PO Box 83687
990,9,Ironing,3/5/2021,886,21,Express,333.91,PayPal,Suite 18
991,40,Order Created,6/16/2021,332,11,Standard,315.5,PayPal,Suite 97
992,17,Completed,12/25/2021,684,33,Premium,393.41,PayPal,Suite 67
993,53,Ironing,2/12/2021,105,17,Premium,149.46,PayPal,Room 1103
994,16,Ironing,8/15/2021,158,7,Standard,137.81,PayPal,Room 1816
995,26,Ironing,11/14/2021,604,47,Premium,308.61,Cash,Room 1347
996,30,Picked Up,9/17/2021,342,33,Premium,137.14,PayPal,Suite 71
997,38,Order Created,12/4/2021,360,43,Express,258.65,Cash,Room 1032
998,41,Order Created,6/20/2021,21,50,Premium,157.72,Cash,Apt 78
999,5,Washing,12/26/2021,350,2,Express,160.95,Credit Card,18th Floor
1000,58,Completed,2/15/2021,30,9,Premium,370.69,PayPal,Room 819
