detail_id,order_id,package_id,qty,price
1,25,5,1,4000
2,22,5,5,25000
3,35,4,1,15000
4,40,2,6,15000
5,12,3,3,25000
6,30,5,4,4000
7,56,1,5,4000
8,34,1,7,15000
9,42,2,7,5000
10,43,2,3,4000
11,20,1,5,15000
12,60,1,3,15000
13,37,2,4,25000
14,3,4,6,4000
15,42,2,2,5000
16,20,1,5,15000
17,54,2,2,25000
18,38,5,8,15000
19,38,5,7,5000
20,16,2,7,7000
21,52,3,1,25000
22,20,3,6,25000
23,4,2,3,4000
24,39,3,1,7000
25,39,4,2,15000
26,34,1,3,7000
27,36,1,4,5000
28,46,5,1,4000
29,55,4,7,7000
30,31,4,1,4000
31,22,1,8,7000
32,35,4,1,7000
33,12,4,3,5000
34,10,4,6,4000
35,10,5,4,15000
36,32,2,4,5000
37,54,4,3,4000
38,3,5,6,5000
39,36,5,6,25000
40,41,4,1,7000
41,34,5,1,7000
42,36,3,3,4000
43,32,5,7,4000
44,10,4,5,4000
45,36,1,7,5000
46,60,1,3,25000
47,42,4,3,7000
48,39,4,1,25000
49,8,2,2,25000
50,6,1,1,15000
51,47,1,2,4000
52,15,4,7,25000
53,40,4,8,15000
54,53,2,2,4000
55,29,2,1,4000
56,8,5,5,7000
57,58,4,6,7000
58,44,3,4,4000
59,55,5,1,25000
60,22,4,8,7000
61,55,3,6,5000
62,57,5,1,5000
63,54,1,5,5000
64,13,4,3,7000
65,32,1,1,15000
66,17,4,8,4000
67,56,1,1,4000
68,4,3,8,7000
69,49,1,7,25000
70,44,2,4,5000
71,57,2,8,5000
72,9,5,8,7000
73,37,3,7,5000
74,40,5,8,5000
75,25,2,2,15000
76,33,1,2,25000
77,50,1,1,15000
78,22,5,5,15000
79,22,2,2,15000
80,2,5,8,4000
81,15,3,8,4000
82,12,3,3,25000
83,22,5,7,4000
84,24,4,4,5000
85,6,3,8,5000
86,51,3,2,4000
87,22,3,1,15000
88,28,5,7,25000
89,20,5,1,5000
90,7,5,1,25000
91,12,5,8,5000
92,40,4,2,4000
93,31,5,8,5000
94,45,4,2,25000
95,12,4,6,5000
96,27,1,3,25000
97,43,3,6,5000
98,35,5,6,4000
99,3,5,6,5000
100,57,2,2,5000
101,40,2,5,7000
102,3,4,6,5000
103,43,5,5,7000
104,39,3,5,4000
105,50,5,1,5000
106,36,5,1,5000
107,47,3,5,5000
108,36,2,6,7000
109,14,4,6,15000
110,8,4,7,7000
111,47,5,5,7000
112,25,2,4,4000
113,16,5,3,5000
114,13,5,5,5000
115,45,1,2,25000
116,37,3,3,25000
117,5,1,3,15000
118,22,3,6,15000
119,3,4,3,4000
120,55,3,3,25000
121,20,3,3,15000
122,52,3,3,4000
123,43,2,4,4000
124,51,4,7,4000
125,59,5,5,5000
126,32,3,8,4000
127,8,3,7,15000
128,30,5,7,4000
129,47,4,2,4000
130,52,4,3,7000
131,1,1,4,7000
132,40,2,6,15000
133,2,3,6,5000
134,37,3,7,7000
135,31,5,1,7000
136,18,3,5,15000
137,12,3,6,25000
138,52,3,3,4000
139,29,4,5,5000
140,9,4,6,7000
141,48,4,5,25000
142,23,2,2,4000
143,56,2,5,7000
144,39,2,1,25000
145,7,2,4,4000
146,40,1,4,25000
147,17,4,6,5000
148,11,2,7,4000
149,60,1,7,5000
150,38,2,2,7000
151,29,4,3,4000
152,38,3,6,15000
153,19,5,8,25000
154,17,5,1,25000
155,11,3,6,5000
156,54,5,2,7000
157,57,1,2,15000
158,35,1,5,15000
159,51,4,4,5000
160,59,4,7,15000
161,51,4,1,25000
162,49,3,3,4000
163,9,4,3,4000
164,7,5,8,4000
165,49,2,8,15000
166,33,1,6,7000
167,33,3,8,4000
168,16,2,3,5000
169,37,2,4,25000
170,43,3,7,15000
171,31,4,5,5000
172,31,3,2,5000
173,41,1,7,5000
174,42,4,1,7000
175,31,1,7,7000
176,25,2,5,7000
177,17,1,4,4000
178,51,1,2,25000
179,13,3,5,5000
180,27,4,5,25000
181,48,4,7,25000
182,54,5,5,7000
183,47,2,7,7000
184,10,4,2,4000
185,35,2,3,25000
186,58,5,6,5000
187,13,1,4,4000
188,24,2,3,7000
189,15,1,5,25000
190,37,2,8,25000
191,47,1,5,7000
192,43,3,5,5000
193,34,3,8,15000
194,51,2,5,5000
195,5,5,4,4000
196,5,3,1,5000
197,55,3,3,15000
198,12,3,8,5000
199,59,3,1,7000
200,34,4,5,4000
201,20,3,8,4000
202,38,4,8,25000
203,50,4,3,5000
204,59,1,7,5000
205,23,1,5,25000
206,42,5,6,4000
207,54,1,8,4000
208,27,2,3,7000
209,32,2,1,7000
210,44,2,2,5000
211,9,1,6,5000
212,33,1,7,4000
213,43,4,5,7000
214,39,2,8,15000
215,23,4,3,15000
216,55,5,3,15000
217,6,2,2,25000
218,31,5,5,4000
219,35,1,6,15000
220,31,2,2,7000
221,50,3,8,25000
222,12,1,4,5000
223,58,1,1,5000
224,12,3,1,4000
225,10,4,8,25000
226,7,2,4,4000
227,38,3,2,25000
228,8,3,6,5000
229,25,4,2,5000
230,11,3,5,25000
231,33,1,2,5000
232,3,2,7,7000
233,6,3,7,4000
234,28,1,1,25000
235,56,4,8,15000
236,30,1,8,5000
237,26,3,8,15000
238,29,1,5,15000
239,5,2,7,7000
240,32,3,6,5000
241,6,5,6,5000
242,58,5,2,5000
243,46,5,4,5000
244,11,3,5,4000
245,33,1,7,4000
246,26,4,3,7000
247,54,1,3,25000
248,12,4,8,25000
249,41,1,6,7000
250,26,3,7,5000
251,42,4,5,4000
252,28,1,7,7000
253,6,1,1,4000
254,50,1,3,4000
255,32,3,3,25000
256,40,1,4,25000
257,39,2,4,25000
258,29,5,4,15000
259,33,5,3,4000
260,39,1,3,5000
261,55,5,3,4000
262,11,1,2,5000
263,42,2,5,5000
264,22,4,2,7000
265,32,4,3,5000
266,48,4,6,7000
267,20,1,7,7000
268,2,4,3,4000
269,54,2,7,25000
270,24,3,6,4000
271,16,1,7,7000
272,18,2,4,5000
273,3,3,3,15000
274,23,4,2,25000
275,5,3,1,7000
276,19,1,3,5000
277,17,3,3,5000
278,55,3,7,25000
279,8,4,7,25000
280,10,2,8,15000
281,38,1,5,7000
282,42,3,6,4000
283,56,5,2,7000
284,7,1,1,15000
285,42,1,1,4000
286,32,2,7,4000
287,52,5,6,15000
288,21,5,6,25000
289,1,3,5,5000
290,20,5,6,7000
291,59,3,2,5000
292,33,1,8,15000
293,11,2,3,5000
294,1,1,5,25000
295,4,4,5,5000
296,17,2,2,5000
297,59,2,1,25000
298,17,2,5,25000
299,37,2,4,25000
300,21,1,5,15000
301,42,5,3,5000
302,38,2,6,7000
303,26,5,7,15000
304,6,4,1,15000
305,32,2,3,7000
306,21,2,5,15000
307,31,4,1,15000
308,14,5,2,4000
309,29,4,6,25000
310,15,5,1,15000
311,29,2,7,7000
312,51,5,7,7000
313,24,4,8,5000
314,47,3,6,5000
315,7,4,8,15000
316,43,2,1,25000
317,56,4,8,5000
318,12,4,2,25000
319,13,4,7,5000
320,26,2,3,4000
321,15,4,3,7000
322,5,3,2,25000
323,16,1,8,25000
324,1,5,2,7000
325,47,1,1,4000
326,13,5,7,15000
327,10,3,5,7000
328,60,2,4,15000
329,6,4,1,15000
330,45,5,4,5000
331,25,2,5,5000
332,35,5,4,5000
333,60,3,6,5000
334,1,3,2,7000
335,52,1,6,4000
336,19,1,4,15000
337,25,2,3,7000
338,48,1,3,25000
339,39,5,5,4000
340,37,2,5,4000
341,43,4,1,15000
342,30,5,8,5000
343,16,3,7,5000
344,55,4,3,4000
345,2,2,6,15000
346,20,4,3,4000
347,2,3,2,7000
348,33,4,7,5000
349,58,4,3,15000
350,3,4,6,5000
351,8,3,7,5000
352,40,5,7,4000
353,3,2,3,5000
354,19,1,8,25000
355,22,4,5,4000
356,33,5,7,7000
357,55,1,7,7000
358,26,5,5,5000
359,56,3,7,15000
360,22,2,3,15000
361,47,5,6,5000
362,17,4,1,5000
363,4,1,1,15000
364,14,1,1,7000
365,23,2,3,25000
366,47,3,6,7000
367,34,2,2,5000
368,48,1,3,5000
369,25,3,3,25000
370,57,1,7,5000
371,49,5,8,25000
372,59,4,6,7000
373,34,3,6,4000
374,6,5,4,4000
375,25,5,6,25000
376,16,5,2,25000
377,30,2,7,15000
378,39,3,6,4000
379,29,3,2,15000
380,17,1,5,7000
381,35,4,3,5000
382,38,4,6,25000
383,32,2,7,4000
384,7,1,4,5000
385,3,5,5,15000
386,54,3,2,7000
387,46,4,8,7000
388,42,1,4,25000
389,48,4,3,25000
390,60,1,6,4000
391,20,4,7,25000
392,35,1,4,4000
393,52,5,4,15000
394,24,5,8,25000
395,50,3,4,7000
396,52,2,5,4000
397,33,5,1,15000
398,1,1,8,5000
399,17,5,2,25000
400,10,4,8,4000
401,50,1,7,4000
402,6,1,8,5000
403,18,5,4,5000
404,11,3,2,25000
405,36,2,8,5000
406,58,5,6,15000
407,53,2,4,25000
408,3,4,1,7000
409,21,3,3,7000
410,26,1,6,4000
411,44,1,4,15000
412,18,2,5,15000
413,30,2,6,25000
414,4,5,4,7000
415,7,1,4,5000
416,28,4,3,15000
417,47,2,8,15000
418,11,3,5,15000
419,7,3,8,5000
420,19,2,6,15000
421,46,5,2,15000
422,12,5,2,15000
423,9,2,3,15000
424,11,1,6,7000
425,59,4,8,5000
426,60,5,5,25000
427,21,3,2,4000
428,11,1,4,5000
429,42,4,2,15000
430,30,5,5,15000
431,41,3,2,15000
432,35,3,7,4000
433,3,2,1,15000
434,24,5,5,25000
435,10,5,6,25000
436,12,5,4,15000
437,18,4,7,25000
438,18,1,7,5000
439,9,1,5,15000
440,10,3,1,5000
441,15,5,5,7000
442,51,2,2,5000
443,31,2,6,5000
444,41,1,8,25000
445,57,1,6,4000
446,37,4,6,5000
447,5,2,6,7000
448,58,4,7,4000
449,35,5,4,5000
450,24,2,2,15000
451,19,3,2,15000
452,11,5,8,5000
453,53,2,3,4000
454,43,4,5,25000
455,50,4,8,15000
456,39,4,3,5000
457,7,2,8,7000
458,8,2,8,25000
459,50,1,7,5000
460,33,4,2,7000
461,30,2,6,15000
462,31,2,4,4000
463,52,4,2,5000
464,4,4,8,15000
465,27,1,6,4000
466,22,4,7,15000
467,32,3,6,5000
468,6,5,4,4000
469,40,3,3,4000
470,58,5,7,4000
471,22,3,3,5000
472,51,4,5,25000
473,37,1,7,5000
474,11,1,6,7000
475,10,4,8,7000
476,57,5,1,7000
477,30,5,3,5000
478,31,5,3,5000
479,46,4,2,25000
480,40,4,2,15000
481,18,5,6,4000
482,9,4,8,5000
483,1,5,3,7000
484,20,5,4,4000
485,60,1,3,5000
486,6,2,1,5000
487,55,2,8,25000
488,28,4,2,4000
489,42,3,1,5000
490,50,4,7,15000
491,26,1,6,7000
492,23,5,2,7000
493,41,2,8,5000
494,51,4,1,15000
495,32,2,7,5000
496,11,5,4,7000
497,34,5,8,15000
498,17,4,2,7000
499,23,2,3,25000
500,20,1,2,25000
501,20,5,1,25000
502,5,2,7,4000
503,22,1,2,15000
504,3,5,4,15000
505,24,1,3,25000
506,36,3,6,4000
507,19,5,8,15000
508,30,1,7,25000
509,18,5,6,4000
510,27,4,7,4000
511,24,2,3,25000
512,45,4,7,15000
513,8,2,6,15000
514,38,2,5,4000
515,32,4,8,25000
516,6,1,5,7000
517,13,5,3,4000
518,46,4,5,15000
519,5,5,3,5000
520,32,3,8,15000
521,28,5,3,5000
522,50,2,4,4000
523,22,3,8,5000
524,12,1,2,4000
525,25,1,3,5000
526,14,5,7,25000
527,52,3,3,5000
528,3,2,4,25000
529,57,5,5,5000
530,2,2,3,25000
531,11,1,1,4000
532,52,4,1,25000
533,15,3,5,25000
534,42,5,6,5000
535,60,4,5,4000
536,35,4,6,15000
537,39,5,1,5000
538,10,4,8,15000
539,12,3,8,5000
540,17,2,2,7000
541,6,4,7,4000
542,16,5,7,15000
543,47,3,1,4000
544,9,1,7,25000
545,40,5,3,4000
546,10,3,1,4000
547,12,1,6,15000
548,16,4,6,25000
549,37,1,2,7000
550,24,4,8,25000
551,20,5,7,4000
552,7,1,2,7000
553,12,1,7,7000
554,58,5,2,7000
555,49,3,7,4000
556,44,1,7,4000
557,44,5,4,7000
558,43,1,3,25000
559,44,3,4,25000
560,21,1,8,15000
561,52,2,3,15000
562,51,2,5,5000
563,33,1,6,5000
564,59,5,1,25000
565,28,3,5,25000
566,20,1,8,15000
567,34,5,5,15000
568,3,4,2,5000
569,29,3,8,4000
570,26,2,4,7000
571,19,4,1,5000
572,21,5,2,4000
573,42,3,6,4000
574,32,1,6,7000
575,40,2,8,15000
576,32,4,3,4000
577,44,3,7,5000
578,47,2,1,15000
579,57,4,2,25000
580,42,5,6,15000
581,35,5,5,15000
582,1,5,5,15000
583,9,3,8,25000
584,11,1,3,7000
585,34,5,4,15000
586,52,3,1,5000
587,20,3,2,5000
588,45,2,6,5000
589,15,3,5,7000
590,33,3,6,25000
591,24,3,3,7000
592,49,3,7,5000
593,56,5,2,7000
594,31,5,8,25000
595,54,5,1,15000
596,34,3,8,5000
597,57,4,3,25000
598,31,4,1,7000
599,1,1,4,4000
600,40,5,7,15000
601,59,5,1,15000
602,22,2,3,7000
603,46,2,1,7000
604,19,1,6,4000
605,33,4,7,5000
606,12,3,8,4000
607,49,1,1,25000
608,14,5,3,15000
609,30,4,6,5000
610,20,4,3,4000
611,53,5,8,4000
612,57,3,7,5000
613,11,3,8,4000
614,8,1,5,4000
615,47,5,2,7000
616,35,1,3,5000
617,1,1,3,15000
618,5,3,1,7000
619,26,2,7,5000
620,3,2,5,25000
621,2,1,2,4000
622,25,2,5,4000
623,46,3,7,4000
624,14,4,3,7000
625,22,2,2,4000
626,21,5,1,4000
627,25,2,6,15000
628,40,2,5,15000
629,55,3,7,15000
630,54,1,4,25000
631,21,2,2,15000
632,56,4,4,7000
633,47,2,3,7000
634,37,3,4,5000
635,46,5,2,25000
636,44,4,7,4000
637,34,5,2,25000
638,50,1,3,4000
639,28,4,1,7000
640,24,5,5,25000
641,49,2,5,7000
642,48,1,5,4000
643,26,5,3,4000
644,3,1,7,15000
645,37,4,5,7000
646,38,4,3,7000
647,25,2,1,7000
648,2,4,7,5000
649,20,4,5,25000
650,27,5,4,25000
651,23,4,4,15000
652,7,5,6,7000
653,45,1,8,4000
654,12,2,8,4000
655,29,5,8,4000
656,10,3,4,25000
657,50,5,4,4000
658,21,3,3,7000
659,12,3,8,4000
660,53,3,7,4000
661,11,1,4,7000
662,60,4,2,25000
663,19,5,6,4000
664,3,2,1,5000
665,37,2,1,7000
666,48,5,1,5000
667,29,3,7,15000
668,2,3,4,4000
669,18,1,4,25000
670,34,4,1,25000
671,56,4,7,5000
672,19,3,6,4000
673,49,2,8,25000
674,4,2,5,25000
675,42,4,7,15000
676,56,3,2,5000
677,23,3,5,15000
678,5,4,6,25000
679,13,5,4,15000
680,32,2,3,15000
681,33,2,7,5000
682,35,4,8,4000
683,18,5,8,25000
684,12,2,8,25000
685,55,5,3,15000
686,22,3,7,4000
687,7,5,3,4000
688,38,2,8,7000
689,42,2,3,5000
690,59,2,8,7000
691,24,4,3,15000
692,33,5,1,15000
693,57,5,1,25000
694,37,2,6,4000
695,47,3,1,5000
696,56,3,1,25000
697,9,2,1,25000
698,50,3,6,5000
699,24,1,1,25000
700,57,2,2,4000
701,41,4,2,7000
702,60,1,4,25000
703,28,5,7,5000
704,35,2,1,15000
705,59,1,2,25000
706,28,5,6,7000
707,36,3,6,7000
708,43,5,4,7000
709,21,2,6,25000
710,1,1,5,7000
711,53,3,5,7000
712,60,5,4,25000
713,11,4,5,5000
714,11,2,6,7000
715,24,2,5,25000
716,37,1,7,25000
717,56,2,4,7000
718,49,2,8,25000
719,49,5,4,4000
720,55,4,3,15000
721,1,1,5,15000
722,42,2,3,5000
723,25,1,2,15000
724,25,1,7,5000
725,37,2,4,25000
726,10,5,2,7000
727,3,1,5,15000
728,16,3,5,7000
729,57,1,3,25000
730,31,4,4,4000
731,46,1,6,7000
732,13,2,2,25000
733,42,2,8,15000
734,1,1,4,7000
735,29,1,8,7000
736,17,4,6,5000
737,55,1,3,15000
738,28,1,8,5000
739,24,2,1,5000
740,57,2,2,25000
741,29,2,5,15000
742,34,1,7,15000
743,47,2,8,25000
744,27,3,2,25000
745,16,4,7,25000
746,56,1,7,5000
747,37,4,7,25000
748,20,1,6,4000
749,35,4,4,5000
750,27,2,2,5000
751,47,1,5,4000
752,20,2,4,25000
753,14,5,6,4000
754,13,3,4,25000
755,11,4,6,7000
756,36,1,4,25000
757,55,4,3,5000
758,5,2,7,15000
759,9,5,8,15000
760,6,1,6,5000
761,58,3,3,15000
762,10,5,4,25000
763,53,4,5,15000
764,4,1,3,25000
765,17,2,8,15000
766,11,4,6,4000
767,46,2,5,4000
768,22,2,1,5000
769,32,3,7,15000
770,46,4,6,5000
771,36,3,1,4000
772,8,2,3,7000
773,25,5,5,5000
774,41,5,1,25000
775,34,5,7,7000
776,39,2,3,7000
777,23,2,7,5000
778,56,5,2,4000
779,59,2,2,7000
780,42,5,8,7000
781,30,3,4,4000
782,5,3,2,15000
783,49,1,2,15000
784,27,5,7,7000
785,8,2,1,15000
786,2,2,2,15000
787,54,4,1,5000
788,24,3,5,4000
789,38,4,4,5000
790,20,2,5,15000
791,43,2,5,5000
792,53,1,8,5000
793,9,3,2,5000
794,59,1,5,15000
795,35,2,2,5000
796,58,1,3,7000
797,10,1,7,15000
798,26,1,2,15000
799,60,4,3,25000
800,2,5,1,4000
801,9,3,2,25000
802,52,5,3,5000
803,16,2,2,5000
804,38,2,6,4000
805,19,3,3,7000
806,19,5,6,25000
807,60,4,6,15000
808,48,1,6,4000
809,41,3,6,15000
810,5,1,8,4000
811,55,4,7,7000
812,49,2,6,4000
813,29,1,8,25000
814,59,3,5,15000
815,16,2,8,25000
816,18,5,4,5000
817,38,1,5,25000
818,59,5,3,4000
819,29,5,7,4000
820,47,3,5,25000
821,8,4,3,15000
822,54,1,2,25000
823,17,3,8,4000
824,44,5,1,25000
825,58,5,5,25000
826,29,4,1,7000
827,57,1,1,7000
828,30,5,7,7000
829,50,3,2,4000
830,51,4,5,4000
831,22,5,2,25000
832,3,1,1,7000
833,31,3,4,7000
834,38,2,2,25000
835,21,2,4,5000
836,48,3,3,7000
837,22,4,2,25000
838,4,4,4,5000
839,5,3,8,15000
840,28,1,3,4000
841,12,2,8,7000
842,46,5,5,4000
843,30,1,6,5000
844,32,5,3,15000
845,23,3,4,15000
846,36,3,4,7000
847,31,4,8,15000
848,2,5,8,5000
849,47,2,4,4000
850,20,3,8,4000
851,31,2,1,25000
852,1,1,2,25000
853,39,3,3,4000
854,34,4,7,4000
855,18,3,1,4000
856,33,4,6,25000
857,49,5,3,4000
858,32,3,7,5000
859,7,3,6,25000
860,39,5,4,7000
861,29,3,3,15000
862,24,3,6,15000
863,54,2,4,5000
864,16,5,7,15000
865,9,5,3,15000
866,12,3,5,7000
867,8,3,8,7000
868,37,2,5,4000
869,24,5,6,7000
870,49,4,3,15000
871,15,4,7,5000
872,2,2,2,25000
873,43,5,6,7000
874,58,3,6,25000
875,28,5,4,25000
876,19,5,1,4000
877,42,3,2,5000
878,46,2,2,5000
879,43,4,3,5000
880,47,2,4,25000
881,5,4,8,5000
882,51,2,4,25000
883,29,3,5,4000
884,10,4,1,4000
885,42,3,6,5000
886,10,3,8,4000
887,11,4,4,15000
888,6,3,5,7000
889,54,4,4,4000
890,18,5,1,5000
891,31,2,4,5000
892,6,1,2,5000
893,41,4,8,25000
894,40,2,3,25000
895,45,2,7,4000
896,47,5,8,5000
897,42,1,8,15000
898,46,4,1,7000
899,42,4,5,15000
900,2,1,2,15000
901,59,1,7,25000
902,59,3,2,4000
903,53,4,5,5000
904,5,4,5,7000
905,1,4,5,4000
906,4,2,1,15000
907,51,4,1,25000
908,55,1,1,7000
909,33,1,3,7000
910,21,4,6,5000
911,18,5,2,15000
912,12,1,2,25000
913,28,5,7,4000
914,22,1,5,25000
915,46,3,2,5000
916,10,4,4,25000
917,53,2,2,25000
918,2,4,6,7000
919,50,1,6,15000
920,43,3,4,15000
921,25,3,6,5000
922,58,1,5,7000
923,54,4,7,25000
924,28,5,2,5000
925,29,2,2,7000
926,60,3,1,25000
927,36,1,7,4000
928,8,3,2,15000
929,37,3,5,4000
930,27,5,4,4000
931,18,2,3,15000
932,45,4,1,25000
933,58,2,1,15000
934,16,5,1,7000
935,59,2,7,7000
936,53,5,6,4000
937,8,2,4,15000
938,42,2,4,25000
939,38,1,8,25000
940,15,3,3,7000
941,53,2,3,7000
942,23,2,4,4000
943,43,2,7,5000
944,4,4,3,15000
945,36,3,3,15000
946,50,5,7,4000
947,43,2,3,25000
948,15,2,2,4000
949,55,3,4,7000
950,53,3,5,7000
951,52,2,2,15000
952,60,4,5,15000
953,56,5,4,4000
954,13,1,8,7000
955,14,4,2,4000
956,48,5,7,15000
957,30,5,3,25000
958,32,1,6,4000
959,16,1,3,7000
960,32,2,4,7000
961,39,3,7,15000
962,14,4,3,7000
963,12,4,6,4000
964,21,5,8,4000
965,44,2,2,15000
966,58,4,3,7000
967,31,1,2,5000
968,14,2,1,5000
969,17,1,7,15000
970,10,2,8,7000
971,30,3,8,7000
972,32,4,4,4000
973,18,2,2,25000
974,37,2,1,5000
975,29,2,2,25000
976,2,2,3,25000
977,30,5,4,15000
978,20,1,6,7000
979,34,5,1,7000
980,17,4,3,25000
981,39,1,3,15000
982,25,5,6,5000
983,8,1,4,4000
984,7,3,2,25000
985,25,3,4,25000
986,55,3,7,7000
987,38,5,5,15000
988,3,1,8,25000
989,26,2,7,15000
990,33,1,4,15000
991,57,2,8,4000
992,32,4,7,5000
993,39,2,8,15000
994,18,3,6,15000
995,55,2,2,7000
996,55,5,6,7000
997,42,5,3,7000
998,46,5,3,15000
999,37,2,2,5000
1000,31,1,5,15000
