id,branch_id,nama_pengeluaran,kategori,jumlah,tanggal_pengeluaran,keterangan,created_at
1,3,Service Mesin Cuci LG,Utilitas,1200000.0,2026-08-01,Bensin operasional penjemputan,2026-08-01 08:00:00
2,1,Gaji Kurir Harian,Gaji,250000.0,2026-08-02,Servis mesin rutin,2026-08-02 08:00:00
3,3,Beli Deterjen Sakura,Operasional,1200000.0,2026-08-03,Pembelian kebutuhan harian,2026-08-03 08:00:00
4,3,Service Mesin Cuci LG,Transportasi,250000.0,2026-08-04,Tagihan bulanan kantor,2026-08-04 08:00:00
5,1,Bensin Kurir Honda Beat,Pemeliharaan,750000.0,2026-08-05,Servis mesin rutin,2026-08-05 08:00:00
6,1,Gaji Kurir Harian,Operasional,750000.0,2026-08-06,Pembelian kebutuhan harian,2026-08-06 08:00:00
7,3,Service Mesin Cuci LG,Pemeliharaan,750000.0,2026-08-07,Servis mesin rutin,2026-08-07 08:00:00
8,2,Beli Deterjen Sakura,Transportasi,250000.0,2026-08-08,Pembelian kebutuhan harian,2026-08-08 08:00:00
9,3,Beli Deterjen Sakura,Transportasi,1200000.0,2026-08-09,Tagihan bulanan kantor,2026-08-09 08:00:00
10,3,Listrik & Air Toko,Operasional,750000.0,2026-08-10,Bensin operasional penjemputan,2026-08-10 08:00:00
11,3,Listrik & Air Toko,Transportasi,300000.0,2026-08-11,Pembelian kebutuhan harian,2026-08-11 08:00:00
12,3,Bensin Kurir Honda Beat,Gaji,250000.0,2026-08-12,Servis mesin rutin,2026-08-12 08:00:00
13,1,Service Mesin Cuci LG,Transportasi,250000.0,2026-08-13,Tagihan bulanan kantor,2026-08-13 08:00:00
14,3,Service Mesin Cuci LG,Pemeliharaan,1200000.0,2026-08-14,Pembelian kebutuhan harian,2026-08-14 08:00:00
15,2,Listrik & Air Toko,Pemeliharaan,250000.0,2026-08-15,Servis mesin rutin,2026-08-15 08:00:00
16,1,Service Mesin Cuci LG,Pemeliharaan,250000.0,2026-08-16,Servis mesin rutin,2026-08-16 08:00:00
17,2,Service Mesin Cuci LG,Pemeliharaan,750000.0,2026-08-17,Servis mesin rutin,2026-08-17 08:00:00
18,2,Beli Deterjen Sakura,Gaji,1200000.0,2026-08-18,Pembelian kebutuhan harian,2026-08-18 08:00:00
19,2,Listrik & Air Toko,Utilitas,750000.0,2026-08-19,Pembelian kebutuhan harian,2026-08-19 08:00:00
20,2,Gaji Kurir Harian,Operasional,750000.0,2026-08-20,Pembelian kebutuhan harian,2026-08-20 08:00:00
