courier_id,branch_id,courier_name,phone
1,3,Constantin Troman,944-727-5662
2,1,Sholom Ecob,364-448-2554
3,1,Cynthie Dadswell,191-392-5970
4,1,Lars Beales,331-338-7735
5,2,Georg Crowdson,991-105-6143
6,1,Karlotte Rosengart,776-489-7948
7,3,Alick Trevna,735-810-8058
8,3,Barnie Greschik,642-260-7886
9,1,Nancy Trustie,523-894-9796
10,3,Raynor Lebreton,262-102-4651
11,3,Clyve Mulvihill,739-778-7123
12,1,Bartlet Dunnion,620-334-6061
13,1,Chrysler Panner,604-564-8869
14,1,Carlos Kempshall,565-106-2809
15,1,Addison Sirrell,707-330-0494
16,3,Jennette Picheford,768-779-3245
17,3,Blondelle Domney,633-264-6135
18,2,Eloise Dank,228-563-4524
19,2,Neda Stanistrete,332-703-0509
20,1,Horatia Zywicki,136-231-2544
21,3,Vinny Hards,729-766-2668
22,2,Letty Worgan,167-848-0266
23,1,Emogene Birden,934-689-6574
24,1,Sissie Tembridge,733-368-5128
25,2,Alyce Scotsbrook,482-417-0654
26,3,Nat Dibden,698-266-8548
27,1,Scarlett Clerk,456-902-1903
28,2,Marlo Kerfod,532-733-7324
29,1,Carmelia Galea,420-660-2017
30,2,Koral Haddick,423-787-1800
31,3,Tally Kulas,116-580-1416
32,3,Lodovico Merricks,313-633-2753
33,2,Dante Finicj,751-988-3315
34,1,Bink Randle,774-877-1926
35,3,Sascha Sames,753-538-3938
36,3,Clarance Defrain,446-802-0961
37,2,Rosanna Corrigan,167-684-0408
38,1,Dedra Kares,925-727-7653
39,1,Chancey Jaszczak,255-956-5322
40,3,Olly Coultas,595-432-5561
41,2,Onofredo Yukhnev,806-710-3591
42,1,Vania Dot,255-109-8139
43,2,Elora Yuryichev,522-280-2104
44,3,Joelly Testro,352-885-5802
45,3,Haily Di Napoli,959-803-3121
46,2,Erik Barrow,508-142-3368
47,3,Zerk St. Ledger,949-321-6901
48,3,Elsi Allanson,112-289-6479
49,1,Daniela Jaggs,857-345-5631
50,1,Robinetta Seman,610-809-0655
51,1,Lizbeth Mattusevich,798-407-4633
52,2,Kaiser Libbis,448-671-4380
53,1,Vincenz Sweedy,544-573-2177
54,2,Faunie Chaudhry,351-785-2053
55,2,Miguelita Phethean,566-679-7035
56,3,Kelli Fawckner,391-232-8026
57,2,Bess Vanshin,223-273-4447
58,3,Dusty Kinnon,239-343-8674
59,1,Jilleen Tiner,801-343-8110
60,2,Evelyn Hanretty,561-353-2988
61,3,Reuben Speak,883-606-8573
62,3,Dalli Raspin,944-503-0395
63,2,Sherwood Cakebread,569-390-5692
64,3,Delores Betho,517-715-8186
65,3,Hilliary Demange,968-519-3610
66,2,Averil Saffen,202-831-9052
67,1,Julina Kinsey,292-279-4033
68,2,Tobias MacKereth,826-342-1660
69,2,Datha Boydle,113-908-0413
70,3,Carmela Kellogg,652-681-6443
71,2,Charyl Longridge,181-715-9822
72,2,Roberta Balfour,841-537-7376
73,2,Dorothee Elloy,849-155-9187
74,3,Rolland Nield,171-492-9562
75,1,Angelia Snedker,849-220-7319
76,3,Tonia Shapcote,287-920-3467
77,3,Ado Arger,363-772-2609
78,2,Renell Jobb,220-333-4675
79,1,Jada Irons,137-252-3147
80,1,Conroy Corpe,219-302-2811
81,1,Minor Cristofari,616-825-7785
82,1,Teddie Perrett,490-730-6061
83,3,Alanah Akaster,452-597-6794
84,2,Cordelia Lippett,713-341-5390
85,1,Claudianus Klaves,156-103-0710
86,3,Miltie Petrello,596-372-5994
87,3,Cale Van den Velden,165-917-1258
88,3,Dorian Seeborne,623-723-0320
89,3,Pearl Donegan,226-672-5422
90,3,Chick Tanzig,557-825-3407
91,1,Bob Bank,205-152-3819
92,2,Erik Kinig,165-307-4238
93,3,Caddric Broadist,566-686-4757
94,3,Karolina Mell,446-192-6077
95,3,Maynard Lyfield,666-568-3549
96,1,Haven Dorran,181-108-4235
97,3,Klarrisa Cullip,623-342-8004
98,3,Clayborn McQuilliam,225-600-6995
99,3,Kalli Klyn,122-664-0071
100,2,Debbie Sigge,977-328-5724
101,3,Ettie Flement,320-956-4483
102,3,Costanza Penke,395-673-1774
103,3,Nap Houlden,738-585-1549
104,2,Carmelita Vlahos,548-796-4456
105,3,Yuma De Nisco,107-507-9405
106,2,Gav Winkless,547-772-3340
107,2,Gabi Fattorini,267-471-1716
108,3,Ephrem Cholerton,924-591-6141
109,1,Gerianna Ellesworthe,562-837-0052
110,2,Adelind Itzakovitz,172-832-9181
111,2,Angelo Boncoeur,367-550-4442
112,3,Lorenza Corse,574-250-8229
113,3,Sandye Matterdace,981-126-7115
114,1,Pandora Blincko,917-641-6768
115,1,Buddy Darnell,250-131-7133
116,3,Marys Grinham,981-292-1374
117,1,Minette Purser,437-802-7843
118,1,Mirabella McIntosh,832-661-1604
119,1,Erda Olczak,563-289-0086
120,2,Adelheid Pitchford,642-619-1589
121,3,Gray Bushell,110-288-6456
122,1,Sosanna Spellman,516-901-3714
123,1,Elli Wisbey,373-596-4897
124,2,Rosene Abrams,907-239-6687
125,1,Fonz Esberger,283-338-0407
126,2,Mellisa Deakin,817-554-9512
127,2,Skippie Wheal,967-591-3858
128,1,Erie Konneke,464-663-8457
129,3,Ive Hurdis,350-219-9559
130,2,Pegeen Gibson,670-838-5776
131,3,Aymer Tassell,149-982-0576
132,1,Vonni Lofts,144-356-1574
133,2,Jannel Paullin,510-471-8323
134,2,Tammara Murricanes,633-929-5848
135,2,Goran Redmain,238-577-6706
136,1,Almire Mantram,367-276-3975
137,3,Allina Tinan,528-270-3574
138,3,Terri Saxby,679-262-7882
139,2,Reynold Cliburn,841-447-0984
140,2,Ebenezer Balazin,844-183-4063
141,3,Ancell Thyng,200-961-1679
142,1,Bernarr Iacobini,310-518-3760
143,3,Lane Diffley,271-949-9317
144,2,Sanders Adcocks,758-981-6498
145,1,Aliza Minard,338-699-5500
146,3,Tuesday Leitche,610-826-1166
147,1,Godiva Haresnape,692-306-9328
148,3,Effie Percival,916-706-5756
149,1,Shayne Glide,726-510-8843
150,1,Sasha Watkiss,827-916-3753
151,1,Matti Keys,240-802-5996
152,1,Kissiah Halgarth,353-771-0910
153,3,Edsel Ferreras,565-316-4699
154,3,Cesare Baiyle,166-765-3299
155,1,Karen Whitington,457-189-0995
156,2,Lavinie Huie,885-418-6873
157,1,Theodor Jecock,777-363-0371
158,3,Arabel Stoffels,638-209-5228
159,1,Norry Deveraux,153-608-6378
160,1,Candy Moreno,804-368-5914
161,1,Karlotta Dominetti,293-149-4543
162,3,Arvie Dach,591-897-7645
163,2,Karole Baxstar,597-514-4080
164,1,Donella Henderson,638-363-5222
165,3,Thedric Bootman,576-595-0823
166,3,Khalil Ledford,269-174-5806
167,3,Whitaker Rodolfi,503-479-2891
168,3,Morry Eusden,993-951-5811
169,1,Simonne Lacknor,166-893-6091
170,1,Karmen Philpotts,446-664-4379
171,1,Kyrstin Pitone,540-422-9192
172,2,Ursulina Sapir,264-975-1468
173,1,Danny Stallibrass,479-772-2002
174,2,Berna Mont,447-747-8675
175,3,Germana Crown,303-675-9485
176,3,Simmonds Dunkerley,999-682-1208
177,1,Buddy Hanhart,685-539-7471
178,3,Aidan Drewery,776-987-6568
179,3,Lennard Cabotto,949-358-5997
180,3,Marabel Passo,502-916-8079
181,1,Rudie Meuse,421-162-0552
182,3,Maryellen Morton,523-476-0733
183,2,Adelind Verdey,177-494-3630
184,1,Claus Davidovics,227-865-2563
185,3,Melamie Mulvihill,194-285-6904
186,2,Aviva Benkhe,117-247-4920
187,1,Turner Giffard,935-441-3906
188,2,Broderick Viant,348-648-2134
189,1,Gracia Pittaway,122-230-9104
190,3,Tani Ramsby,806-191-7223
191,3,Toddy Newland,312-577-7470
192,1,Myriam Stanmore,249-274-8495
193,2,Glendon Becks,609-429-3400
194,1,Josefina Lasham,179-714-8548
195,3,Kitty Feldbau,431-716-4934
196,2,Margeaux Gobel,849-226-9078
197,3,Reinwald Dmitriev,886-722-3536
198,2,Zabrina Fleming,336-270-9154
199,3,Bernadina Aubrey,193-561-1070
200,2,Wash Letchford,276-767-5940
201,3,Sylas Richardes,193-350-1103
202,1,Brose Armall,847-753-5395
203,3,Kyle McElory,247-166-0107
204,1,Dorothea Plaschke,222-165-7407
205,3,Gregorius Renault,444-950-5743
206,2,Gardener Ceccoli,964-119-2707
207,3,Farand Studart,860-398-5530
208,2,Wolf Wrigley,835-960-0797
209,3,Ashlan Branney,445-100-7251
210,1,Candace Seakin,538-152-1221
211,1,Juan Boustred,325-476-8379
212,1,Jacquelynn Skilling,119-522-7110
213,1,Valaree Gainsburgh,647-311-2145
214,2,Florry Chisman,239-860-6534
215,1,North De Bruyne,895-945-0145
216,2,Theadora Fagan,891-904-6114
217,3,Shalom Rotge,659-264-3307
218,2,Odey Hazeltine,444-383-7432
219,2,Germaine Crewe,368-612-9829
220,1,Lindy Scutcheon,671-166-6150
221,2,Kaela Hilldrup,854-207-0367
222,3,Aubrey Guice,400-236-7273
223,1,Gustavo Hebbs,858-352-8269
224,3,Thaddeus Shuard,475-492-8908
225,2,Filippa Silversmidt,623-478-7922
226,3,Marne Samet,510-558-0687
227,1,Rosalinda Nestle,388-241-2140
228,1,Konrad Christon,458-415-8220
229,3,Shirleen Carney,999-298-1926
230,1,Elbert Robez,825-783-8094
231,2,Rosanna Aubry,256-878-9980
232,2,Carter Birks,419-202-0076
233,2,Joey Slany,536-965-4321
234,3,Helge Piotr,455-555-3962
235,1,Gussy Petroselli,166-600-4305
236,1,Sabina Drohane,168-148-2675
237,1,Meggi Rosterne,241-429-9241
238,2,Isadora Dome,165-786-0609
239,2,Chauncey Pitrelli,586-260-1139
240,2,Tommie Venart,366-172-3680
241,2,Dulciana Bernollet,570-286-9632
242,1,Joeann Robrow,957-817-1806
243,3,Maurice Heel,218-347-8553
244,1,Flossy Dalli,503-290-3979
245,1,Germaine Peachment,490-819-7312
246,1,Bax Olivetta,753-865-3621
247,1,Rochell Senussi,208-327-2532
248,1,Bat Dumbreck,528-357-0478
249,3,Harald Mundow,359-392-2746
250,3,Thorpe Ubsdell,553-533-2969
251,2,Gabriel Abramovic,225-490-1347
252,1,Kore Blackshaw,185-207-6828
253,3,Giusto Schwand,365-453-6680
254,3,Jarred Melsom,180-789-1955
255,3,Jaquelin Ashmore,993-615-0739
256,2,Aggi Christy,100-616-6915
257,2,Shell Cockrell,311-722-2539
258,1,Luciana Bart,205-503-8648
259,2,Peadar Konmann,204-970-8556
260,1,Gilda Blaasch,308-484-8887
261,2,Stanley Janikowski,745-846-8468
262,2,Sullivan Chaucer,130-386-1463
263,3,Phyllis Garrand,972-926-9274
264,3,Luce Petrulis,552-760-5684
265,3,Julie Siman,931-115-8536
266,3,Babbie Tall,770-660-4508
267,1,Rubi Hazelby,135-842-8052
268,1,Celie Suddock,371-913-7807
269,3,Garreth Atwill,958-787-3367
270,3,Audie Scardefield,700-690-2120
271,1,Paloma Bartalin,613-902-4891
272,3,Norrie Snape,896-951-3243
273,3,Aldon Corington,717-135-3475
274,3,Lenette Syseland,360-406-0361
275,2,Otto Shivlin,301-524-7112
276,3,Robbie Joslyn,703-487-6846
277,2,Roz Zarfai,540-965-1107
278,2,Haleigh Wearn,116-950-0778
279,1,Delly Jemison,572-193-8406
280,2,Daniela Grayston,683-494-5773
281,2,Wilek Chatel,747-172-8184
282,3,Kellina Mohan,346-685-1006
283,1,Marquita Gotter,262-321-6148
284,3,Nicholle Hum,509-166-9708
285,1,Christel Newman,262-409-2932
286,3,Gabriellia Vignaux,378-235-1108
287,3,Hamid Tibbs,623-855-5287
288,2,Jerrie Madoc-Jones,631-898-0886
289,2,Thea Schonfeld,619-725-8730
290,3,Sheela Gregersen,640-304-5027
291,2,Scarlett Braferton,923-652-6806
292,1,Dan Aldcorn,360-953-1480
293,3,Ferrell Cayette,684-445-2115
294,1,Kelcie Dewett,941-427-9401
295,2,Doralynne Hanington,996-818-8556
296,1,Jacintha Kimmins,113-525-7652
297,2,Bob Theobalds,504-501-4320
298,2,Asia Birtonshaw,584-339-6409
299,2,Fionnula Awdry,729-939-3310
300,2,Cornall Crichmer,166-329-6928
301,2,Larisa Comberbeach,921-552-4329
302,3,Trevar Bettenay,870-864-6879
303,2,Lari Capron,713-495-9941
304,1,Orlan Kenealy,269-370-3208
305,3,Mariellen Fifield,909-444-9221
306,1,Alene Inchboard,245-150-3978
307,2,Kristo Barthorpe,279-282-5785
308,2,Roderich Gush,359-823-9537
309,2,Meara Rennard,504-192-5016
310,1,Arnuad Maus,293-646-4002
311,2,Franni Nestoruk,640-159-9256
312,2,Gwenny Reskelly,210-752-2361
313,1,Uriel Collibear,355-579-7439
314,2,Prudi MacAdam,404-443-7691
315,2,Aguie Nibley,660-621-7120
316,2,Kaitlyn Astbery,610-252-6905
317,2,Kevin Gresley,717-957-4289
318,1,Harley Cowans,195-367-4054
319,1,Glen Roder,855-621-0866
320,2,Enid Gidden,177-313-8573
321,2,Thane Tangye,741-100-3906
322,1,Karim Epton,503-170-4831
323,2,Beckie Broady,912-806-5286
324,2,Wyndham Langdale,637-563-3080
325,1,Stephenie Guarin,525-365-3656
326,1,Danice Layus,995-499-7368
327,3,Kriste Doerrling,619-742-1153
328,1,Vittorio Toolan,870-849-5032
329,1,Elysee Leethem,503-475-8558
330,2,Manda Housden,985-176-8480
331,2,Darryl Annandale,258-275-2726
332,3,Eula Hildrew,234-596-6245
333,3,Baird Hurst,168-929-5860
334,2,Zachariah Tribble,727-407-8299
335,3,Klarika Doddrell,162-253-3866
336,1,Goober Scotti,510-252-3659
337,3,Kelley Eastcott,834-911-0602
338,3,Merridie Nipper,423-607-2900
339,1,Valenka Munsey,563-392-6646
340,1,Sawyer Alliberton,847-840-3575
341,3,Dieter Robroe,983-767-7678
342,1,Chastity Janik,785-845-1184
343,3,Andee Plant,313-901-0285
344,3,Vanni Cretney,767-349-9945
345,3,Lorrin Marder,796-466-3332
346,3,Tandi Holliar,320-371-6463
347,3,Myca O'Regan,827-626-4789
348,3,Gae Zotto,812-869-5013
349,3,Nicolis Cutsforth,152-123-6615
350,3,Celinka Poulston,828-920-1156
351,2,Hedvige Charsley,334-244-3844
352,2,Redford Moehle,542-435-6727
353,2,Itch Spilstead,214-311-8404
354,3,Gery Phillins,619-228-5188
355,1,Hodge Litzmann,695-976-1778
356,2,Ilario Ilewicz,549-118-1987
357,3,Cindelyn Zylberdik,885-264-7656
358,3,Ddene Ree,902-473-2150
359,3,Teador Folbige,499-472-0572
360,1,Halie Telford,573-247-4915
361,2,Bealle Maria,704-161-9528
362,2,Chantal Alpe,411-544-3091
363,1,Marcos Longshaw,560-760-5555
364,1,Ashley Aishford,410-498-0995
365,1,Myrtia Yaknov,631-894-3276
366,1,Den Rainforth,465-189-8534
367,2,Pammy Summerill,882-432-7511
368,2,Josselyn Leglise,809-333-1145
369,3,Cara Vaudrey,613-823-5959
370,3,Clarita Como,785-706-0039
371,3,Ofella Peverell,900-909-6950
372,3,Nataline Sears,460-723-3337
373,1,Heather Begbie,922-812-2446
374,1,Mala Showler,511-211-7341
375,3,Tybi Petkens,621-393-2447
376,1,Trever Swindley,781-442-4076
377,1,Ortensia Hilldrup,346-462-8857
378,3,Margret Downton,355-485-6242
379,2,Wells Leyre,107-819-5823
380,3,Kiah Whetnell,294-273-8514
381,3,Franciska Crowthe,781-185-8689
382,1,Enrichetta Meric,300-142-2967
383,2,Jenilee Smeaton,714-369-5759
384,2,Daron Easey,499-570-7017
385,2,Chaunce MacDonald,762-237-0217
386,2,Jaime Calafato,500-141-2411
387,2,Neil Ludovico,237-442-1464
388,2,Clio Reditt,835-645-4427
389,1,Janaye Burdin,390-876-0665
390,2,Broderick Keys,933-409-8273
391,2,Ira Baniard,325-548-2153
392,3,Curry Thomassen,762-565-1252
393,3,Judas Rayer,924-591-1791
394,1,Sherlock Manterfield,572-993-8235
395,1,Edy Antonioni,458-629-0469
396,3,Kayne Caslake,488-649-1090
397,3,Franky Yarmouth,468-721-6812
398,3,Obed Tynewell,586-325-6854
399,2,Abeu Blitz,265-118-7453
400,2,Jonah Swannack,559-692-9739
401,2,Rosette McCreery,583-576-8316
402,1,Kynthia Bridges,326-336-1472
403,2,Bing Puckett,119-327-2424
404,2,Alejoa Dunkinson,215-562-2496
405,3,Cordi Schall,634-441-6254
406,2,Araldo Gallardo,802-920-9027
407,1,Bibbye Caney,335-198-7115
408,3,Alyssa Durrell,563-213-9070
409,2,Lucille Housbie,812-635-6648
410,2,Virgilio Tebbit,793-866-3001
411,2,Harv MacTimpany,596-109-4521
412,1,Eddie Vondrak,651-959-9614
413,1,Alyson Knyvett,666-373-8311
414,2,Harv Skerm,501-104-6856
415,3,Danni Andrat,101-124-4506
416,1,Caesar Dadd,331-748-6109
417,3,Derby Pynn,362-516-7266
418,1,Morgana Manon,636-520-0850
419,3,Bettine Dable,292-544-6044
420,1,Gray Dougliss,572-389-7085
421,3,Gibb Bazek,986-968-1916
422,3,Katrina Tindley,418-841-4412
423,1,Bobine Wolfart,539-732-6674
424,1,Janette Hamill,839-300-2785
425,3,Jan MacCauley,113-163-5249
426,1,Linn Gudgin,529-390-0791
427,2,Trip Raselles,870-747-6332
428,3,Jarvis Eddisford,972-878-6250
429,3,Kipper Gilgryst,799-326-2225
430,2,Leelah Corneck,410-908-6302
431,2,Olva Wrennall,323-175-8543
432,1,Sherlocke Walder,773-818-0264
433,1,Marcile Setch,696-865-6909
434,2,Shay Hurton,477-306-3741
435,3,Addy Lefever,749-471-2924
436,2,Deonne Trump,305-883-9513
437,2,Davin Colquete,106-944-0317
438,1,Sheff Gomm,910-554-3573
439,3,Gwen Stuttman,445-978-9677
440,1,Hilton Androlli,148-925-8378
441,1,Truman Roddick,103-896-0671
442,2,Stephanus Lowden,251-268-1846
443,3,Natalie Dixcee,489-691-9114
444,2,Menard Ivic,827-321-0384
445,2,Shepherd Worssam,412-324-8487
446,3,Agna O'Hartnett,707-400-3377
447,2,Brander Purves,169-740-5658
448,2,Alyda Aggiss,613-677-0539
449,3,Byron Sealy,225-875-3967
450,1,Beret Billington,198-308-9451
451,1,Yanaton Yallowley,506-647-3878
452,3,Emlen McFarlane,665-313-0337
453,2,Hube Langeley,791-535-0789
454,1,Brew Beckinsale,434-296-0010
455,1,Kendrick Riseam,826-230-9821
456,1,Conrado Grinaway,613-441-0199
457,3,Bette-ann Clerk,560-223-2360
458,1,Midge Devine,683-829-6996
459,1,Mara Julien,901-826-9494
460,1,Moyra Kacheler,405-218-7646
461,3,Diego Sivess,499-590-5443
462,3,Shela Saipy,398-694-3764
463,2,Bibbie Daouse,151-699-5902
464,1,Fayre Jachtym,122-822-9869
465,1,Robby Schottli,521-113-9362
466,1,Nanine Eyres,862-533-7830
467,1,Jon Cobb,299-306-3768
468,3,Eva Tredgold,263-241-5922
469,2,Gearard Marcussen,323-988-7041
470,3,Averell Iwanczyk,486-884-2361
471,3,Julita Preble,375-857-7541
472,3,Danny Bromont,239-267-7310
473,3,Briano Cella,467-197-2911
474,3,Burnaby Bambery,100-209-1765
475,1,Margret Mulkerrins,479-202-4872
476,2,Rodolfo Kirby,519-161-1007
477,2,Robinett Keeping,325-849-5530
478,2,Dasha Savidge,479-379-0067
479,3,Nolan Danilovic,152-564-4436
480,2,Spense Keems,507-543-4344
481,2,Leonhard Byford,169-342-5047
482,2,Pauletta Bann,607-632-9444
483,1,Rebbecca Climpson,784-406-8968
484,3,Odette Francescuccio,360-438-5444
485,3,Marice Conry,168-790-2775
486,3,Alexandrina Blackford,603-773-2295
487,2,Lissy Rude,648-692-2994
488,1,Roderich Sigars,961-787-5196
489,2,Wake Pomphrett,851-208-6890
490,1,Laetitia Reames,215-311-8826
491,3,Lydon Griffitt,258-184-2784
492,1,Natividad Dummigan,917-667-4403
493,3,Walsh Tewkesberry,310-267-7344
494,1,Parker Worsfold,856-896-6425
495,1,Bobbye Vaines,271-289-8822
496,1,Miquela Rodbourne,909-425-4675
497,2,Spenser Salman,820-357-9281
498,2,Con Icke,674-511-2201
499,3,Padraic Guillart,661-183-1614
500,3,Skell Ellington,820-688-3251
501,3,Shurlock Dumke,338-650-8297
502,3,Reggis Winscomb,651-711-8661
503,3,Giulietta Kunes,366-494-7921
504,1,Tammy Gransden,631-119-5000
505,2,Sonja Safhill,825-226-7392
506,3,Barney Akaster,260-987-2242
507,3,Teodorico Rizon,727-608-5177
508,2,Hilary Cabrara,207-244-1750
509,3,Marcellina Lidster,583-928-0549
510,3,Reinold Martt,620-341-6288
511,2,Faustine Bernhardt,216-863-7351
512,1,Lorettalorna Swanton,222-262-1840
513,2,Barret Pellingar,856-227-6056
514,2,Dasi Capp,562-383-8771
515,3,Orion Duddin,671-893-6102
516,2,Sarena Facchini,292-907-1451
517,3,Nelson Desorts,117-955-8283
518,3,Latrena Blayney,628-258-3454
519,3,Lilith Osant,608-359-3198
520,2,Cammi Bresnen,226-367-6710
521,3,Wallache Phillpotts,383-788-7017
522,1,Brita Dorian,962-702-5717
523,1,Phylis Aphale,817-942-9673
524,1,Angie Fitt,962-980-1640
525,1,Nettie Maureen,268-418-8781
526,3,Franky Cowderoy,399-543-0243
527,1,Nanni Fothergill,632-793-3322
528,2,Marje Domengue,382-826-8800
529,2,Sullivan Hearnaman,125-807-4519
530,1,Carol-jean Ferry,796-914-0190
531,2,Kinnie Degenhardt,273-592-4476
532,1,Adriane Yve,802-235-4994
533,1,Janis Coorington,401-317-1506
534,3,Harley Beardwell,694-297-1257
535,1,Bride Lumber,443-270-0785
536,1,Guinevere Edmeades,982-682-6951
537,3,Cesaro Fawssett,355-478-7518
538,2,Nerte Tamburi,847-969-8491
539,2,Augie Mandifield,696-512-0898
540,3,Zsazsa Shadbolt,470-184-4441
541,3,Noelle O'Murtagh,215-896-0191
542,1,Felizio Parkyn,180-675-6731
543,2,George Wallice,256-170-3412
544,2,Cordi Pringuer,409-428-8338
545,3,Dido Lazenbury,820-612-9147
546,2,Mill Scholte,847-687-6862
547,1,Sigrid Durno,819-497-2464
548,2,Carlina Reynoldson,782-875-3858
549,1,Zulema Glasscock,278-751-6544
550,2,Kirbee Hayen,807-442-5494
551,1,Ludovika Condict,202-779-8080
552,3,Estevan Haglington,459-834-6585
553,1,Byrle Barthelet,310-331-0697
554,2,Sarine Drinkall,330-618-0825
555,2,Vonny Crankshaw,865-266-9208
556,2,Caressa Shakesby,643-973-6348
557,3,Allayne Dunkley,845-820-3346
558,3,Peterus Wetherill,645-205-6167
559,2,Haleigh Roberto,970-463-7044
560,3,Margarita MacCaffery,805-546-9585
561,3,Roby McCleverty,114-389-0852
562,3,Florenza O'Shirine,763-798-8597
563,3,Jourdain Hallbird,136-713-9136
564,3,Carlotta Quaif,352-391-8450
565,3,Tandy Rodgers,375-785-1561
566,3,Elyssa Sisselot,772-953-6343
567,2,Gerardo Hadfield,745-614-5960
568,2,Bethina Olive,709-832-5563
569,1,Boycey Tizzard,757-134-7870
570,2,Stacie Uff,436-136-9488
571,3,Tony Craiker,603-947-9993
572,3,Daryle Poff,498-531-3203
573,2,Indira Nannini,431-577-0782
574,2,Lyle Shakelady,554-591-4445
575,3,Killian Threadgould,571-223-8379
576,2,Basilius Lumb,277-154-6691
577,1,Dal Zupo,213-122-2601
578,1,Decca Newsham,593-622-6898
579,2,Cody Campanelli,209-398-2545
580,1,Milty Jessel,908-253-2135
581,3,Traver Servante,786-815-4091
582,1,Inna MacGowing,854-547-6175
583,1,Emelen Gauvain,552-590-9195
584,3,West Barkes,864-158-5545
585,3,Wanda Valois,672-236-9057
586,1,Emilio Hillock,991-159-7295
587,1,Orelia Madgwich,336-491-1534
588,3,Sue Lubomirski,106-669-5573
589,1,Davide Mellings,406-264-4625
590,1,Shauna Grzeskowski,465-797-1769
591,1,Cort Chiverton,388-596-3218
592,3,Dyana Crollman,581-676-9459
593,1,Wren Degli Antoni,667-922-9990
594,1,Stacee Edens,575-442-6642
595,1,Clemmy Heritege,150-965-6527
596,2,Evy Cornejo,347-580-2544
597,3,Willy Penhale,648-692-9371
598,1,Amaleta Silvermann,275-814-4557
599,2,Zolly Spinks,303-190-8896
600,2,Courtney Pellingar,714-499-4987
601,3,Lonnard Kilfeather,143-257-2758
602,3,Blakeley Randles,252-694-1880
603,2,Arlee Gillinghams,949-453-0293
604,1,Joelynn Sillett,184-340-8591
605,2,Luther Yokelman,973-933-5537
606,2,Cybil Griswood,510-594-3948
607,1,Darrelle Sabattier,923-286-8153
608,2,Charley Jeffels,510-347-2185
609,1,Rhona Mitroshinov,529-171-7868
610,2,Jarvis Headington,875-602-1738
611,3,Winnie Dassindale,883-835-1009
612,3,Cookie Brick,503-284-2180
613,3,Georgeanna Mushawe,248-651-7798
614,2,Horacio Oaker,832-687-2821
615,3,Filmore Liebermann,595-161-1365
616,2,Solomon Carvilla,133-674-8621
617,3,Joachim Keer,116-917-5694
618,3,Carlita Carcass,484-909-2601
619,1,Celestine O'Kynsillaghe,915-329-7345
620,2,Timmie Berthod,323-250-5787
621,1,Eyde Juanes,679-689-5437
622,3,Laughton Scrooby,546-285-6202
623,2,Bunny Viste,101-372-5789
624,1,Sal Charles,928-606-7193
625,3,Zelda Yaneev,790-488-0567
626,3,Felicdad Reggiani,296-927-8463
627,3,Audrye Gillingham,956-781-5216
628,1,Joachim Lowfill,443-966-6171
629,1,Giff Children,552-719-8208
630,1,Carine Brannan,828-814-0792
631,3,Helaina MacAndie,774-721-8096
632,1,Claudio McLellan,679-515-7468
633,1,Torry Byway,678-842-4472
634,1,Frasier Lattie,986-142-7475
635,2,Tyne Wheeldon,332-950-7781
636,1,Ilysa Screas,921-540-1002
637,1,Abelard Waldock,813-901-5202
638,3,Vern Walkington,391-334-9251
639,1,Irina Gatman,686-946-3916
640,3,Lotti Caddy,474-204-2262
641,1,Leroy Speechley,337-987-7118
642,1,Marylee Routledge,958-669-7036
643,3,Edwina Lefeaver,911-864-7337
644,1,Fawnia Coton,199-605-5087
645,2,Reggi Tilburn,905-599-5677
646,3,Ronny Brookz,305-243-5300
647,3,Reuben Donoher,654-281-1482
648,2,Ivy Matussevich,778-676-6897
649,1,Zenia Bousler,330-946-5423
650,3,Winni Ettels,313-962-3339
651,3,Valma Chaudret,141-682-2002
652,3,Theodor Bryden,312-150-7194
653,2,Lona Worwood,650-671-0900
654,1,Jaime Boullin,318-462-9202
655,2,Annabella Ashdown,290-559-8800
656,1,Ginnie Pude,824-467-2034
657,1,Lenna Elbourn,770-195-2805
658,1,Meara Algeo,773-657-6264
659,2,Shepperd Axton,472-614-9237
660,3,Kayla Pickford,675-482-6611
661,1,Brittan Noyes,556-977-7913
662,1,Kat Mussared,725-612-7300
663,1,Bunny Sanchis,234-344-8641
664,2,Marwin Fronczak,508-721-0942
665,2,Harley Gabe,241-979-4751
666,3,Tiphani Mott,333-713-1892
667,2,Borden Snelson,947-547-6830
668,3,Sunny Mostin,105-885-6119
669,3,Annette Althorpe,265-149-2703
670,3,Billy Leebetter,800-230-6724
671,1,Nadiya De Normanville,148-163-5717
672,3,Helen-elizabeth Legrave,705-537-9204
673,2,Arte Stanyon,134-442-2170
674,3,Nadine Bresnen,393-914-6919
675,3,Gregory Burgot,614-268-1880
676,1,Abby Guare,467-295-4863
677,3,Dunstan Shone,400-525-1475
678,3,Stanly Colwell,975-226-8720
679,3,Leslie Stanislaw,618-160-9960
680,3,Chrissy Morgue,402-328-8218
681,2,Kevin Drewes,989-225-7664
682,2,Frieda Fattorini,900-403-3784
683,2,Gustav Holworth,535-265-4810
684,3,Hedwiga Dixie,161-440-6971
685,1,Hurley Nesby,730-333-9425
686,2,Gertrude Mollen,905-142-3661
687,2,Krishna Kores,704-198-0317
688,3,Sherie Mycroft,370-944-8476
689,2,Sherm Gouldsmith,563-505-5474
690,3,Lauretta Linggard,467-114-9321
691,2,Carilyn Wornham,998-294-8033
692,1,Rolfe Clitsome,990-464-6177
693,2,Min Matfield,760-495-4307
694,1,Sheryl Walkey,708-379-9877
695,3,Cathrin Goggan,643-388-0318
696,2,Jeannine Pavinese,811-839-7680
697,1,Arni Kilmister,201-591-5611
698,3,Fredelia Boyles,424-734-2328
699,2,Aubrette Nurden,809-929-6449
700,1,Tedman Horley,405-990-8568
701,1,Lawrence Gilroy,816-557-2409
702,3,Bryan Summersett,767-170-1512
703,2,Omero Tiernan,568-599-9870
704,1,Whitaker Brende,582-751-1201
705,1,Hyacinthia Friedank,543-541-8300
706,2,Vittoria Musicka,927-964-0440
707,2,Flor Provest,187-185-2896
708,1,Celestina Houldin,657-675-3665
709,1,Tildie Matyugin,756-990-6542
710,1,Barnie Ramos,508-124-2577
711,3,Clea Ferraresi,413-724-1201
712,2,Herman Harverson,428-344-8639
713,3,Raymond Bassett,373-119-9391
714,2,Hewett Reace,739-488-0794
715,2,Ardyth Benedek,846-675-9053
716,1,Isadore Pic,696-404-8492
717,2,Luise Itscowicz,485-965-6350
718,3,Tiffani De Gowe,533-515-7664
719,3,Gabriel Yesinov,753-655-5186
720,1,Richart Androck,766-908-4161
721,1,Perri Hardwich,381-602-0668
722,3,Hannah Mourant,541-987-6368
723,3,Kahlil Gadsden,230-704-0918
724,2,Krishna Fitzackerley,828-832-0086
725,3,Bonnibelle Blaksley,160-581-9919
726,2,Mikkel Tour,633-543-4352
727,1,Barny Petrak,363-338-2518
728,2,Skelly Masterman,119-717-6786
729,3,Cassius Mayho,410-853-5030
730,3,Dav Maudsley,980-738-1582
731,2,Catharina Tupling,822-118-2796
732,1,Dolorita Heritege,345-574-9147
733,2,Garnet Nerval,382-364-7636
734,3,Langston Peart,885-696-6744
735,3,Sande Curner,927-288-2724
736,3,Cami Rawcliff,244-702-4793
737,3,Janot Dmitrovic,866-465-9683
738,1,Odey Laxtonne,932-429-0388
739,3,Roxanne Kesterton,687-645-5058
740,1,Gael Prangle,400-769-7260
741,3,Sergent Pleasaunce,852-939-7750
742,2,Aloysius Cesaric,434-704-3218
743,2,Mandy Dureden,913-174-8641
744,1,Bruce Bodd,142-506-2192
745,3,Kamila Hoxey,998-697-9828
746,1,Coreen Murr,765-812-2472
747,1,Rainer Beamand,852-719-5185
748,2,Mathew Trewin,746-653-1480
749,1,Benedict Siene,439-122-6735
750,3,Esma Thistleton,597-194-3197
751,1,Tiffie Pate,673-433-1325
752,1,Thatcher Edmed,467-140-8153
753,1,Kathy Linbohm,145-293-8540
754,3,Lyon Priver,636-986-6965
755,2,Victoria Fishpoole,631-748-2599
756,1,Debera Moody,349-815-7714
757,3,Hubert Ioan,692-889-6490
758,2,Hinze Nassau,658-448-8414
759,2,Vlad Tonn,113-518-6435
760,2,Hettie Phear,541-329-7879
761,2,Jodi Antosik,550-167-0259
762,2,Ambur Swanborough,142-467-7021
763,3,Reinhard Steed,961-899-3720
764,2,Debbie Genicke,521-827-2860
765,1,Hendrika Weldrick,567-426-8538
766,2,Woodman Krzysztofiak,470-840-0981
767,3,Coral Phlipon,106-409-9553
768,2,Paxton Lissett,292-568-8984
769,1,Chico Silverstone,908-811-1997
770,3,Kenna Lorand,905-719-6405
771,2,Zulema Gammell,521-498-6142
772,3,Jeddy Warland,672-985-0323
773,3,Ely Burnhard,953-336-7119
774,1,Dari Fairley,596-383-7030
775,1,Carleen Cobelli,532-972-5239
776,2,Lizzie Romans,155-927-6276
777,3,Cal MacSporran,728-338-5500
778,2,Rutledge Ritchie,311-829-4156
779,1,Burton Treske,852-295-5523
780,2,Elianora Capineer,474-997-5409
781,3,Sunshine Bessent,519-681-2598
782,1,Tate Crucetti,818-862-1657
783,2,Wallie Thys,756-515-8081
784,3,Elinore Geoghegan,590-942-4470
785,1,Yolane Garling,676-704-0665
786,2,Monte Bibby,986-561-5783
787,1,Michel Brunone,108-225-3889
788,1,Meridith Joblin,950-862-4046
789,3,Ashbey Darley,248-441-0637
790,2,Bentlee Wharram,354-161-7176
791,1,Mohandas Salmon,969-191-4048
792,2,Dorthea Cranmor,906-505-1593
793,3,Charyl Dome,573-417-6646
794,1,Claus Simonetto,118-710-5023
795,3,Gussie McGaughey,297-201-6182
796,1,Keefe Collman,751-862-9689
797,1,Corinne Ackery,657-724-3040
798,3,Lazar Bilbie,510-236-1897
799,1,Munmro Taffarello,969-290-3156
800,1,Wye Warhurst,178-704-7281
801,3,Valerie Lilleyman,126-445-9816
802,2,Donella Bourchier,437-799-1014
803,3,Reinwald West,554-135-5967
804,1,Gino Brashaw,988-322-1187
805,1,Bunny Klyner,541-852-5120
806,2,Niles Syson,383-618-9014
807,1,Shina Madelin,538-632-0117
808,1,Melisse Jacquemot,461-804-7571
809,1,Brittaney Basterfield,379-171-6198
810,2,Olivero Legier,775-335-0782
811,3,Catlin Rapi,157-971-3033
812,3,Doro Sheerman,753-399-8979
813,1,Minni Minero,863-830-5020
814,1,Ros Pullman,321-268-8721
815,3,Prentiss Strowther,444-310-2909
816,3,Stearne Lesaunier,361-884-8817
817,3,Andrej Dewi,691-154-3608
818,3,Carilyn Manvelle,230-820-1855
819,3,Garvy Cottel,259-194-7662
820,1,Massimiliano Pendrey,270-348-7256
821,1,Theadora Luna,555-141-2675
822,3,Gusti Briskey,659-368-7606
823,2,Stanwood Stoffler,378-675-7614
824,3,Shannon Ashpital,746-659-9887
825,2,Garrek Hendren,939-566-5923
826,3,Rosie Campos,493-394-1644
827,2,Wiley Salt,739-103-4971
828,2,Gareth Oldaker,936-391-7988
829,1,Valentina Freshwater,263-480-9910
830,3,Burke Orable,807-531-2943
831,2,Sutherland Stenners,202-348-7362
832,1,Herby Frango,719-201-4656
833,1,Rasia Garthshore,250-759-0456
834,2,Herrick Jiras,129-211-6960
835,1,Deloris Ivashinnikov,804-508-9201
836,3,Dorri Castagnier,486-168-1032
837,1,Chris Pareman,538-571-0082
838,3,Maurizia Dullingham,101-784-9349
839,3,Tory Massie,699-798-3700
840,3,Quincey Le Clercq,720-979-9176
841,3,Nero Bluck,945-164-7803
842,1,Min Hoodless,912-313-6739
843,2,Paulina Hynde,494-775-4086
844,3,Idaline Gillbey,911-862-5528
845,3,Octavia Gantlett,216-892-1183
846,1,Riane Taks,905-709-1671
847,1,Minta MacColgan,126-192-4033
848,1,Kimbell Heggison,215-477-5471
849,2,Kylen Bride,195-124-8383
850,1,Gaultiero Knibbs,599-176-6694
851,1,Andrea Vobes,922-811-5790
852,1,Kaile Di Dello,419-848-4321
853,2,Kylie Van der Linde,910-235-4487
854,3,Ramon Spratley,452-144-8597
855,3,Melvyn Branchett,449-998-2610
856,1,Heddie Hooke,452-693-3909
857,3,Ludovico Boriston,871-825-1865
858,3,Skippie Dominique,588-618-4852
859,1,Tommie Wilks,964-626-9971
860,3,Pollyanna Cornier,434-904-1412
861,1,Bette-ann Haslum,920-393-1765
862,3,Loleta Henken,767-250-6196
863,2,Susanetta Monshall,560-847-0660
864,3,Amble Berks,202-867-1319
865,3,Carlotta Frankom,179-401-5487
866,2,Markus Firpi,168-168-7846
867,1,Larina Crunden,697-947-8794
868,2,Amil Skeldinge,935-869-0403
869,3,Dagmar Bourdel,253-793-8980
870,2,Inesita Caughtry,226-316-4359
871,1,Emogene Cinnamond,919-267-2189
872,3,Carolyn Zelley,818-494-2401
873,3,Kinny Baldi,716-173-9408
874,3,Devan Isacke,345-874-9664
875,2,Thomasa Eckery,285-443-8239
876,3,Lenora Shortcliffe,390-750-1931
877,1,Mortimer Piatto,246-913-3953
878,2,Tracey Pow,546-136-0820
879,2,Hammad Fessby,227-483-7120
880,2,Angie Arnauduc,874-887-3015
881,2,Carlyle Tourville,806-800-0813
882,3,Gerianne Vanner,881-846-5203
883,3,Pollyanna Clappison,311-975-7200
884,1,Lorry Meric,276-467-8817
885,2,Berk Gruszecki,741-688-3763
886,1,Goldi Negro,755-937-0269
887,2,Agnesse Stubley,414-331-8639
888,2,Thornie Plumtree,573-146-9840
889,3,Paige Bunny,239-520-9086
890,2,Rutherford MacDowal,975-893-4458
891,1,Eada Beavers,475-953-8820
892,3,Ignatius Grahlmans,568-778-1726
893,2,Drucy Lorent,999-325-0641
894,2,Tallulah Leverington,890-133-6976
895,3,Rickey Verdun,588-227-2087
896,2,Connor Brabant,581-915-8185
897,1,Celia Ratnage,455-268-7250
898,2,Willette Durden,165-173-6516
899,2,Karole Timson,472-735-5510
900,2,Frederick Beese,456-631-7320
901,2,Matilda Bagenal,336-845-0852
902,3,Camey Boichat,576-374-9585
903,2,Pippy McGibbon,720-126-5877
904,3,Karyl Vials,574-130-9336
905,1,Archambault Dane,187-258-0433
906,3,Granny Munnis,335-314-5878
907,3,Abbot D'Agostini,713-795-1362
908,2,Cathe Ghilardini,789-193-9911
909,2,Thayne Doerling,535-326-5819
910,3,Valentine Ruggieri,585-724-4216
911,3,Patric Seel,109-585-8927
912,3,Alexis Broxton,153-497-7544
913,1,Josefa Capun,563-915-1086
914,1,Missy Mattusov,186-683-4228
915,3,Elmore Agneau,448-228-2046
916,1,Bianca Rauprich,762-403-1974
917,3,Sean Dunkerley,551-947-1317
918,1,Andreana Addie,750-197-2032
919,1,Marlo Fautly,508-953-5604
920,1,Florence Collumbell,761-222-0905
921,1,Jami Carver,379-266-7977
922,2,Felipa Halt,945-366-3508
923,2,Joane Labbett,770-626-8381
924,2,Harrie Kennedy,296-672-5391
925,3,Cammy Annandale,545-253-0474
926,2,Samara Grinston,458-662-7361
927,1,Christina Mizen,874-898-0914
928,2,Daron McKinnell,158-880-2320
929,3,Selina Johnsee,419-606-3598
930,1,Skyler Dell'Abbate,189-736-2605
931,3,Freida Caisley,201-964-7514
932,2,Red Stidston,633-828-6816
933,1,Kahlil Borgesio,910-507-1024
934,2,Dorry Djurdjevic,562-415-0524
935,2,Fallon Forgan,411-660-1751
936,1,Ruben Parfett,957-245-2911
937,1,Dorelia Georgeau,202-160-2030
938,3,Valeria Horick,200-969-9609
939,3,Mariam Spurdens,902-282-0064
940,2,Trip Fealty,106-947-4828
941,3,Genovera Bortoletti,367-959-3931
942,3,Muriel Grinikhinov,292-562-4341
943,2,Philbert Betteriss,810-820-3871
944,3,Desi Bushel,197-414-3977
945,3,Mei Mattiato,776-728-7607
946,2,Irvine Nower,805-923-7467
947,2,Adriana Thowless,655-223-7108
948,1,Tucker de Amaya,699-339-7936
949,1,Dorothy Bimson,877-916-9199
950,2,Frannie Pengilley,442-983-8327
951,2,Fay Zanettini,663-870-8797
952,2,Maud Haugen,279-660-9036
953,3,Thibaud Skoate,977-386-4943
954,1,Mattheus Haithwaite,397-124-3071
955,2,Conni Dowglass,909-437-7131
956,1,Chanda Lusher,203-592-7873
957,1,Zoe Allender,381-493-3789
958,1,Martie Coleiro,683-238-1277
959,2,Imojean Goodhand,326-455-9043
960,1,Ermentrude Cescotti,791-977-1477
961,1,Courtenay Vasilchikov,220-851-2738
962,1,Rivi Jeaycock,451-517-7840
963,3,Abby Dever,940-953-4200
964,1,Robbi Pavolini,774-837-9785
965,1,Revkah Goschalk,547-263-7468
966,2,Arman Margetson,706-951-1496
967,2,Ingeberg Greest,426-570-4263
968,2,Denna Atthow,922-814-5844
969,2,Honoria Naton,387-337-4528
970,3,Jephthah Fretson,612-310-2472
971,2,Lucy Murison,169-652-5418
972,3,Barbaraanne Kassidy,177-540-8094
973,3,Etheline Baseggio,629-854-0910
974,1,Gale Sandercock,548-703-3210
975,1,Fonz Kyte,785-720-8137
976,3,Keefer Lempenny,913-990-7376
977,2,Lezlie Silvermann,410-305-2484
978,1,Talya Becerro,919-740-8199
979,3,Xylia Smallwood,498-522-8744
980,1,Chanda Pilfold,516-828-0934
981,1,Powell Ploughwright,448-665-4400
982,1,Daphene Harris,993-476-5933
983,1,Dan Phelps,193-613-2531
984,3,Araldo Redley,657-438-1442
985,1,Arda McCorkindale,186-166-8260
986,3,Allissa Dunderdale,162-346-5713
987,3,Domingo Everington,977-375-6523
988,1,Mollie Douglas,295-194-8769
989,3,Kassia Seebright,277-665-8483
990,2,Rooney Tipling,211-980-3679
991,3,Beth Huddlestone,611-542-9209
992,1,Daniel Winger,788-332-9858
993,2,Tallie Berntssen,771-181-1896
994,3,Malina Windaybank,971-513-5166
995,2,Barrie Pickering,441-520-9889
996,1,Aldous Hurll,445-693-6072
997,2,Nancy Dooly,301-201-3161
998,3,Jenilee Burgess,103-250-1703
999,2,Mac Molden,692-730-1290
1000,1,Johna Keynd,383-558-1953
