delivery_id,order_id,courier_id,delivery_type,delivery_status
1,52,7,Pickup,Delivered
2,44,1,Delivery,Delivered
3,36,8,Delivery,Delivered
4,23,8,Pickup,Scheduled
5,55,3,Pickup,Scheduled
6,31,8,Pickup,Scheduled
7,12,7,Delivery,In Transit
8,13,2,Pickup,Scheduled
9,15,1,Delivery,In Transit
10,10,2,Delivery,Scheduled
11,38,9,Delivery,Delivered
12,32,9,Pickup,In Transit
13,6,8,Pickup,Scheduled
14,17,1,Delivery,Scheduled
15,6,9,Delivery,Scheduled
16,27,3,Delivery,In Transit
17,56,3,Pickup,Scheduled
18,38,8,Delivery,In Transit
19,7,5,Delivery,Scheduled
20,30,3,Delivery,Delivered
21,25,1,Pickup,Scheduled
22,25,5,Pickup,Scheduled
23,10,5,Delivery,Scheduled
24,48,4,Pickup,Scheduled
25,9,6,Delivery,Scheduled
26,35,3,Delivery,In Transit
27,23,3,Delivery,Delivered
28,11,5,Delivery,Delivered
29,5,3,Delivery,Delivered
30,60,2,Delivery,In Transit
31,11,7,Pickup,Delivered
32,8,9,Pickup,Scheduled
33,17,8,Delivery,Scheduled
34,43,1,Pickup,Delivered
35,33,3,Pickup,In Transit
36,57,7,Delivery,In Transit
37,20,6,Delivery,Delivered
38,41,3,Delivery,Delivered
39,14,6,Pickup,Delivered
40,30,6,Delivery,In Transit
41,9,5,Delivery,Scheduled
42,35,2,Pickup,Delivered
43,50,4,Pickup,Delivered
44,35,5,Delivery,Delivered
45,13,7,Delivery,Scheduled
46,28,9,Pickup,Scheduled
47,23,3,Pickup,Scheduled
48,28,3,Pickup,Delivered
49,60,6,Pickup,Scheduled
50,48,9,Pickup,Scheduled
51,32,6,Delivery,Scheduled
52,24,7,Pickup,In Transit
53,12,4,Delivery,Delivered
54,15,9,Delivery,Scheduled
55,46,1,Delivery,In Transit
56,28,1,Pickup,Scheduled
57,26,1,Pickup,Scheduled
58,37,3,Pickup,Delivered
59,2,4,Pickup,In Transit
60,15,3,Pickup,In Transit
61,37,6,Pickup,In Transit
62,59,6,Delivery,Scheduled
63,15,6,Delivery,Delivered
64,35,1,Pickup,In Transit
65,23,9,Pickup,Scheduled
66,5,5,Delivery,In Transit
67,9,7,Delivery,Scheduled
68,50,5,Delivery,In Transit
69,29,9,Pickup,Delivered
70,60,2,Pickup,Scheduled
71,16,2,Pickup,In Transit
72,29,3,Pickup,In Transit
73,21,2,Pickup,Delivered
74,1,1,Delivery,Scheduled
75,57,4,Delivery,In Transit
76,16,6,Pickup,In Transit
77,33,8,Pickup,Scheduled
78,23,1,Delivery,In Transit
79,38,1,Delivery,In Transit
80,53,7,Pickup,Delivered
81,53,6,Pickup,In Transit
82,48,9,Delivery,In Transit
83,52,5,Delivery,Scheduled
84,16,7,Pickup,Delivered
85,57,5,Pickup,Scheduled
86,8,3,Delivery,In Transit
87,30,2,Pickup,Scheduled
88,40,1,Pickup,In Transit
89,46,7,Delivery,Scheduled
90,50,6,Delivery,In Transit
91,22,7,Delivery,In Transit
92,21,6,Pickup,In Transit
93,53,6,Delivery,Delivered
94,39,4,Pickup,In Transit
95,1,7,Pickup,In Transit
96,59,1,Pickup,Scheduled
97,17,5,Pickup,Delivered
98,44,1,Delivery,In Transit
99,2,4,Pickup,Delivered
100,34,5,Delivery,In Transit
101,45,4,Pickup,Delivered
102,37,1,Pickup,Delivered
103,26,3,Pickup,In Transit
104,18,5,Delivery,In Transit
105,18,2,Delivery,Scheduled
106,7,6,Delivery,Scheduled
107,33,8,Pickup,Scheduled
108,49,2,Pickup,Scheduled
109,47,8,Delivery,In Transit
110,54,3,Delivery,Scheduled
111,12,4,Delivery,Delivered
112,36,7,Pickup,Scheduled
113,28,7,Delivery,Delivered
114,34,8,Pickup,In Transit
115,27,6,Pickup,Delivered
116,39,1,Pickup,Scheduled
117,60,6,Pickup,Delivered
118,55,6,Delivery,Delivered
119,28,5,Delivery,Scheduled
120,56,4,Pickup,Scheduled
121,41,1,Pickup,Scheduled
122,8,9,Pickup,Scheduled
123,52,6,Delivery,Scheduled
124,22,6,Delivery,Scheduled
125,30,8,Delivery,In Transit
126,32,7,Delivery,Delivered
127,58,6,Pickup,Scheduled
128,35,8,Pickup,Delivered
129,31,1,Pickup,Delivered
130,27,3,Pickup,Delivered
131,54,9,Delivery,Scheduled
132,11,2,Pickup,Scheduled
133,18,9,Pickup,In Transit
134,30,1,Pickup,Scheduled
135,31,3,Delivery,In Transit
136,43,6,Delivery,Scheduled
137,40,2,Delivery,Delivered
138,27,2,Pickup,Delivered
139,59,3,Delivery,Scheduled
140,11,1,Delivery,In Transit
141,56,4,Pickup,Scheduled
142,36,8,Delivery,Scheduled
143,44,4,Delivery,In Transit
144,60,3,Delivery,In Transit
145,16,9,Pickup,In Transit
146,43,6,Pickup,In Transit
147,38,9,Pickup,Delivered
148,35,3,Pickup,In Transit
149,59,4,Pickup,In Transit
150,57,5,Pickup,Delivered
151,46,3,Delivery,Scheduled
152,60,9,Delivery,Scheduled
153,46,9,Delivery,Delivered
154,4,8,Delivery,Delivered
155,32,3,Pickup,Scheduled
156,37,4,Pickup,Scheduled
157,32,4,Delivery,In Transit
158,42,7,Delivery,Delivered
159,8,7,Pickup,In Transit
160,12,7,Pickup,In Transit
161,30,9,Pickup,Delivered
162,8,3,Pickup,Delivered
163,15,1,Delivery,Scheduled
164,6,5,Pickup,Scheduled
165,34,9,Pickup,In Transit
166,10,3,Delivery,Delivered
167,48,9,Delivery,Scheduled
168,43,1,Pickup,Delivered
169,32,5,Delivery,Scheduled
170,47,8,Pickup,Delivered
171,35,6,Delivery,In Transit
172,6,9,Delivery,In Transit
173,2,2,Delivery,Scheduled
174,7,3,Pickup,Scheduled
175,11,1,Delivery,Scheduled
176,11,1,Pickup,Scheduled
177,59,5,Delivery,Delivered
178,7,2,Pickup,Scheduled
179,58,4,Delivery,Scheduled
180,40,2,Delivery,Delivered
181,29,4,Delivery,Delivered
182,29,3,Delivery,Delivered
183,45,2,Delivery,Delivered
184,39,7,Pickup,Scheduled
185,36,9,Pickup,In Transit
186,35,4,Pickup,Delivered
187,42,7,Pickup,Delivered
188,41,5,Pickup,Delivered
189,24,7,Pickup,In Transit
190,28,8,Delivery,In Transit
191,56,3,Pickup,Delivered
192,59,2,Pickup,Delivered
193,35,5,Delivery,Scheduled
194,55,5,Pickup,Delivered
195,34,3,Pickup,Delivered
196,48,4,Delivery,In Transit
197,46,5,Delivery,Scheduled
198,10,6,Pickup,In Transit
199,2,2,Delivery,In Transit
200,5,1,Pickup,In Transit
201,60,9,Delivery,In Transit
202,53,5,Pickup,Scheduled
203,9,4,Pickup,Scheduled
204,8,3,Delivery,Delivered
205,10,3,Pickup,Scheduled
206,6,2,Pickup,Scheduled
207,41,7,Delivery,In Transit
208,40,8,Pickup,Scheduled
209,46,3,Delivery,Scheduled
210,3,6,Pickup,Scheduled
211,13,1,Pickup,Delivered
212,43,6,Pickup,Scheduled
213,46,5,Delivery,In Transit
214,36,8,Delivery,In Transit
215,9,6,Pickup,Scheduled
216,45,1,Delivery,Delivered
217,10,7,Pickup,Scheduled
218,9,4,Pickup,Delivered
219,18,1,Delivery,In Transit
220,58,6,Delivery,Scheduled
221,29,7,Pickup,In Transit
222,10,2,Pickup,Scheduled
223,25,6,Delivery,Delivered
224,44,5,Delivery,In Transit
225,31,4,Pickup,In Transit
226,47,9,Delivery,In Transit
227,31,7,Delivery,Scheduled
228,3,1,Delivery,Scheduled
229,17,9,Pickup,Delivered
230,36,4,Pickup,Scheduled
231,36,6,Delivery,In Transit
232,6,8,Pickup,Delivered
233,52,8,Delivery,Delivered
234,33,9,Delivery,In Transit
235,19,1,Pickup,In Transit
236,39,2,Pickup,Delivered
237,46,5,Pickup,Delivered
238,28,2,Pickup,Delivered
239,5,2,Pickup,Delivered
240,16,3,Pickup,In Transit
241,30,6,Pickup,Delivered
242,48,7,Pickup,Delivered
243,30,5,Delivery,In Transit
244,23,6,Pickup,In Transit
245,41,8,Delivery,Scheduled
246,14,8,Pickup,Delivered
247,31,5,Pickup,Delivered
248,35,1,Delivery,Delivered
249,31,2,Delivery,Delivered
250,59,3,Delivery,In Transit
251,28,6,Delivery,Scheduled
252,42,9,Pickup,Scheduled
253,27,8,Pickup,Delivered
254,21,6,Pickup,In Transit
255,60,3,Delivery,Delivered
256,49,3,Delivery,Delivered
257,27,5,Pickup,In Transit
258,43,8,Delivery,Scheduled
259,13,7,Pickup,Delivered
260,40,4,Pickup,Delivered
261,43,7,Pickup,Scheduled
262,12,9,Pickup,In Transit
263,49,9,Pickup,Delivered
264,1,1,Pickup,Scheduled
265,22,4,Pickup,In Transit
266,24,3,Delivery,Delivered
267,58,5,Delivery,Scheduled
268,32,1,Pickup,In Transit
269,55,5,Pickup,Scheduled
270,52,6,Delivery,Scheduled
271,7,3,Pickup,In Transit
272,12,6,Delivery,Delivered
273,23,3,Pickup,Scheduled
274,14,2,Pickup,In Transit
275,1,2,Pickup,Delivered
276,21,4,Pickup,In Transit
277,2,9,Delivery,In Transit
278,5,7,Delivery,Scheduled
279,4,3,Pickup,In Transit
280,43,1,Delivery,Delivered
281,39,8,Delivery,Delivered
282,31,5,Pickup,In Transit
283,29,1,Delivery,In Transit
284,27,8,Pickup,Delivered
285,60,2,Pickup,In Transit
286,55,9,Delivery,Scheduled
287,25,9,Pickup,In Transit
288,23,4,Pickup,In Transit
289,59,9,Pickup,Scheduled
290,7,8,Delivery,Delivered
291,24,7,Pickup,Scheduled
292,47,1,Pickup,Delivered
293,57,1,Pickup,Scheduled
294,3,4,Pickup,In Transit
295,7,5,Pickup,Delivered
296,23,7,Delivery,Delivered
297,18,1,Delivery,In Transit
298,51,2,Delivery,Scheduled
299,42,3,Delivery,Delivered
300,28,7,Delivery,Scheduled
301,7,4,Delivery,Delivered
302,12,9,Pickup,Delivered
303,31,6,Delivery,In Transit
304,39,1,Delivery,Delivered
305,58,9,Pickup,Scheduled
306,15,1,Pickup,Delivered
307,1,6,Pickup,Delivered
308,33,8,Pickup,Delivered
309,56,3,Pickup,Scheduled
310,35,5,Delivery,In Transit
311,34,1,Pickup,Delivered
312,58,1,Pickup,Delivered
313,49,8,Pickup,In Transit
314,45,9,Delivery,Scheduled
315,9,4,Pickup,Scheduled
316,5,8,Pickup,In Transit
317,15,2,Delivery,Delivered
318,48,5,Pickup,Scheduled
319,9,5,Delivery,Delivered
320,53,3,Pickup,Scheduled
321,44,3,Delivery,In Transit
322,8,5,Delivery,Scheduled
323,58,8,Delivery,Scheduled
324,28,5,Delivery,Delivered
325,43,1,Pickup,In Transit
326,13,6,Delivery,Delivered
327,59,4,Delivery,In Transit
328,3,6,Delivery,Scheduled
329,3,3,Pickup,In Transit
330,53,1,Pickup,In Transit
331,47,5,Pickup,In Transit
332,59,5,Pickup,Delivered
333,38,1,Pickup,Scheduled
334,5,7,Delivery,Scheduled
335,34,6,Delivery,Scheduled
336,18,2,Pickup,Scheduled
337,56,5,Delivery,In Transit
338,17,9,Pickup,Scheduled
339,41,4,Delivery,In Transit
340,25,2,Pickup,Scheduled
341,57,7,Pickup,Delivered
342,37,1,Delivery,Scheduled
343,54,7,Pickup,In Transit
344,11,7,Delivery,In Transit
345,1,4,Pickup,Delivered
346,11,2,Pickup,Delivered
347,8,3,Pickup,Scheduled
348,30,8,Delivery,Delivered
349,7,9,Delivery,In Transit
350,49,8,Delivery,In Transit
351,21,8,Delivery,Scheduled
352,32,5,Delivery,In Transit
353,59,8,Pickup,Scheduled
354,8,7,Pickup,Scheduled
355,53,2,Delivery,Scheduled
356,30,3,Delivery,In Transit
357,49,2,Delivery,In Transit
358,39,6,Pickup,In Transit
359,10,8,Pickup,Delivered
360,22,7,Delivery,Delivered
361,26,4,Pickup,In Transit
362,24,5,Delivery,Delivered
363,53,7,Delivery,Scheduled
364,22,2,Delivery,Delivered
365,17,9,Delivery,Scheduled
366,20,2,Delivery,Delivered
367,16,6,Pickup,Delivered
368,18,4,Pickup,Scheduled
369,31,3,Delivery,Delivered
370,31,6,Delivery,In Transit
371,3,5,Delivery,In Transit
372,46,8,Pickup,Scheduled
373,31,3,Delivery,In Transit
374,58,3,Delivery,In Transit
375,42,1,Delivery,Delivered
376,9,2,Delivery,In Transit
377,37,2,Pickup,In Transit
378,14,4,Delivery,Scheduled
379,11,8,Delivery,In Transit
380,42,5,Delivery,In Transit
381,60,4,Delivery,Delivered
382,53,7,Delivery,In Transit
383,1,7,Pickup,In Transit
384,59,5,Delivery,Scheduled
385,31,7,Delivery,Scheduled
386,15,2,Delivery,Delivered
387,53,3,Pickup,Scheduled
388,27,7,Pickup,In Transit
389,2,3,Pickup,Delivered
390,58,3,Pickup,In Transit
391,1,3,Delivery,Scheduled
392,41,6,Pickup,In Transit
393,45,9,Delivery,Scheduled
394,27,3,Pickup,In Transit
395,35,9,Pickup,Scheduled
396,41,6,Delivery,Scheduled
397,31,4,Delivery,Delivered
398,23,2,Pickup,In Transit
399,1,9,Pickup,Delivered
400,50,7,Pickup,Scheduled
401,42,2,Pickup,In Transit
402,36,6,Delivery,In Transit
403,6,9,Delivery,Delivered
404,47,4,Delivery,Delivered
405,31,1,Pickup,Delivered
406,1,7,Delivery,Delivered
407,38,5,Delivery,Scheduled
408,52,2,Pickup,Scheduled
409,44,6,Pickup,In Transit
410,51,3,Delivery,In Transit
411,16,2,Delivery,In Transit
412,39,1,Pickup,In Transit
413,26,8,Pickup,In Transit
414,40,6,Pickup,Delivered
415,41,2,Delivery,Delivered
416,14,4,Pickup,In Transit
417,36,2,Delivery,In Transit
418,60,1,Delivery,In Transit
419,33,4,Pickup,Delivered
420,1,1,Delivery,Scheduled
421,19,2,Pickup,In Transit
422,5,7,Delivery,Delivered
423,45,2,Delivery,Delivered
424,24,9,Delivery,In Transit
425,33,7,Pickup,In Transit
426,5,9,Delivery,Scheduled
427,7,9,Delivery,Scheduled
428,2,9,Delivery,Delivered
429,17,5,Delivery,Scheduled
430,54,3,Pickup,In Transit
431,49,5,Pickup,Delivered
432,11,1,Pickup,Scheduled
433,24,1,Pickup,In Transit
434,27,4,Pickup,Delivered
435,22,3,Delivery,Delivered
436,34,3,Delivery,Delivered
437,3,9,Pickup,Scheduled
438,20,6,Delivery,In Transit
439,42,7,Pickup,Delivered
440,47,5,Pickup,In Transit
441,42,6,Delivery,Scheduled
442,14,8,Pickup,In Transit
443,3,6,Pickup,Delivered
444,54,7,Pickup,Delivered
445,29,5,Delivery,In Transit
446,7,2,Delivery,Scheduled
447,46,6,Pickup,In Transit
448,37,5,Pickup,In Transit
449,23,5,Delivery,Scheduled
450,4,2,Delivery,Delivered
451,12,5,Delivery,Delivered
452,12,9,Delivery,Delivered
453,59,7,Delivery,In Transit
454,30,8,Pickup,Delivered
455,58,2,Delivery,Delivered
456,40,3,Pickup,In Transit
457,58,3,Delivery,In Transit
458,6,6,Delivery,Delivered
459,4,3,Delivery,In Transit
460,28,3,Pickup,Delivered
461,12,7,Pickup,Scheduled
462,5,1,Pickup,Delivered
463,59,5,Pickup,Delivered
464,7,5,Pickup,Scheduled
465,24,5,Pickup,Scheduled
466,28,4,Pickup,In Transit
467,8,3,Delivery,Scheduled
468,12,7,Pickup,In Transit
469,25,2,Pickup,Delivered
470,28,1,Pickup,Scheduled
471,38,5,Pickup,Scheduled
472,33,8,Delivery,Scheduled
473,5,1,Pickup,In Transit
474,31,8,Pickup,Delivered
475,1,3,Pickup,Scheduled
476,31,4,Pickup,Scheduled
477,24,9,Pickup,Delivered
478,7,4,Delivery,Delivered
479,55,5,Delivery,In Transit
480,47,1,Pickup,Scheduled
481,2,6,Delivery,Scheduled
482,46,1,Pickup,Delivered
483,18,9,Pickup,Scheduled
484,3,3,Delivery,Delivered
485,25,2,Delivery,Delivered
486,15,2,Pickup,Delivered
487,40,3,Delivery,Delivered
488,40,8,Delivery,Scheduled
489,38,3,Pickup,Delivered
490,1,8,Pickup,In Transit
491,7,7,Pickup,In Transit
492,1,4,Delivery,Delivered
493,46,2,Pickup,Scheduled
494,20,6,Delivery,Scheduled
495,8,9,Pickup,In Transit
496,36,3,Pickup,In Transit
497,43,1,Pickup,In Transit
498,51,6,Delivery,In Transit
499,24,7,Pickup,Scheduled
500,30,8,Pickup,In Transit
501,54,4,Delivery,Scheduled
502,28,1,Delivery,Scheduled
503,22,5,Delivery,Scheduled
504,37,3,Pickup,Scheduled
505,48,8,Pickup,In Transit
506,36,8,Delivery,Scheduled
507,34,7,Pickup,In Transit
508,54,6,Pickup,Delivered
509,27,3,Delivery,Delivered
510,38,1,Delivery,Delivered
511,8,9,Pickup,Scheduled
512,43,6,Pickup,Delivered
513,24,7,Pickup,Scheduled
514,37,1,Delivery,Scheduled
515,59,3,Delivery,Scheduled
516,15,6,Pickup,Scheduled
517,15,1,Delivery,Delivered
518,34,1,Pickup,Scheduled
519,44,5,Delivery,In Transit
520,5,3,Delivery,Scheduled
521,29,8,Delivery,In Transit
522,22,5,Pickup,Scheduled
523,53,8,Delivery,In Transit
524,16,3,Pickup,Delivered
525,7,2,Delivery,Delivered
526,20,2,Pickup,Scheduled
527,29,1,Delivery,In Transit
528,18,9,Pickup,In Transit
529,2,1,Pickup,Scheduled
530,20,7,Pickup,Delivered
531,24,9,Pickup,Scheduled
532,56,8,Delivery,Scheduled
533,34,1,Delivery,In Transit
534,38,4,Delivery,Scheduled
535,15,4,Delivery,Delivered
536,45,9,Delivery,In Transit
537,15,9,Delivery,In Transit
538,22,6,Pickup,In Transit
539,36,6,Pickup,In Transit
540,29,9,Pickup,Scheduled
541,23,8,Delivery,Scheduled
542,1,1,Delivery,Scheduled
543,38,7,Delivery,Scheduled
544,35,7,Pickup,Delivered
545,21,2,Pickup,Scheduled
546,1,5,Delivery,Scheduled
547,7,1,Pickup,In Transit
548,15,1,Pickup,Scheduled
549,46,7,Delivery,Scheduled
550,43,3,Delivery,In Transit
551,60,8,Pickup,Delivered
552,3,3,Delivery,Delivered
553,8,5,Pickup,In Transit
554,11,1,Pickup,Scheduled
555,48,7,Delivery,In Transit
556,35,7,Pickup,Delivered
557,48,5,Pickup,Scheduled
558,8,8,Delivery,Scheduled
559,56,3,Delivery,Delivered
560,42,1,Pickup,In Transit
561,38,7,Pickup,Delivered
562,42,8,Delivery,Delivered
563,16,3,Delivery,Delivered
564,34,1,Delivery,Scheduled
565,6,8,Pickup,Delivered
566,53,1,Pickup,In Transit
567,22,8,Delivery,Scheduled
568,36,5,Delivery,Delivered
569,47,4,Delivery,Delivered
570,60,7,Delivery,Scheduled
571,33,2,Delivery,In Transit
572,26,8,Pickup,In Transit
573,32,4,Pickup,In Transit
574,54,3,Pickup,Delivered
575,47,6,Delivery,Delivered
576,12,8,Delivery,Scheduled
577,52,5,Pickup,Scheduled
578,35,1,Delivery,Scheduled
579,48,9,Delivery,Scheduled
580,35,4,Pickup,Delivered
581,51,8,Pickup,Scheduled
582,45,6,Pickup,In Transit
583,35,6,Pickup,Delivered
584,27,7,Delivery,In Transit
585,27,1,Pickup,In Transit
586,33,9,Pickup,Delivered
587,59,4,Delivery,In Transit
588,2,2,Pickup,Scheduled
589,33,5,Pickup,Delivered
590,31,3,Pickup,In Transit
591,32,7,Pickup,In Transit
592,17,5,Delivery,Scheduled
593,16,8,Pickup,Delivered
594,53,9,Delivery,In Transit
595,38,4,Pickup,Delivered
596,19,7,Delivery,Delivered
597,33,7,Pickup,Scheduled
598,49,7,Delivery,Scheduled
599,29,6,Delivery,Scheduled
600,37,7,Pickup,Delivered
601,5,9,Pickup,Scheduled
602,29,5,Pickup,Delivered
603,22,5,Pickup,Delivered
604,14,2,Delivery,Delivered
605,7,8,Delivery,Delivered
606,2,9,Delivery,Delivered
607,13,8,Pickup,Delivered
608,52,9,Delivery,In Transit
609,43,1,Delivery,In Transit
610,32,3,Delivery,In Transit
611,35,5,Delivery,Scheduled
612,15,4,Pickup,Delivered
613,60,3,Delivery,Delivered
614,40,1,Delivery,In Transit
615,53,7,Delivery,Scheduled
616,27,1,Pickup,Delivered
617,23,8,Pickup,Delivered
618,33,6,Delivery,Delivered
619,31,7,Pickup,Delivered
620,43,4,Pickup,In Transit
621,23,6,Pickup,In Transit
622,44,5,Delivery,Scheduled
623,20,8,Pickup,Delivered
624,43,5,Delivery,Scheduled
625,11,1,Pickup,Scheduled
626,7,9,Pickup,Scheduled
627,25,1,Delivery,Delivered
628,27,4,Delivery,Delivered
629,16,3,Pickup,Delivered
630,29,8,Pickup,Delivered
631,35,4,Pickup,Scheduled
632,41,8,Delivery,In Transit
633,33,4,Pickup,Delivered
634,52,1,Pickup,Scheduled
635,50,7,Pickup,Scheduled
636,47,2,Delivery,In Transit
637,21,9,Pickup,In Transit
638,27,2,Pickup,Delivered
639,27,3,Pickup,In Transit
640,55,1,Delivery,In Transit
641,8,7,Pickup,Delivered
642,31,5,Delivery,Scheduled
643,30,9,Delivery,In Transit
644,34,6,Pickup,Scheduled
645,41,1,Delivery,In Transit
646,14,7,Pickup,Scheduled
647,17,2,Pickup,Delivered
648,26,9,Pickup,Delivered
649,34,7,Pickup,Delivered
650,31,3,Delivery,In Transit
651,44,9,Pickup,Delivered
652,43,6,Pickup,Delivered
653,40,4,Pickup,Delivered
654,18,7,Pickup,Delivered
655,19,1,Delivery,Scheduled
656,45,5,Delivery,Scheduled
657,40,5,Delivery,Scheduled
658,46,6,Pickup,In Transit
659,16,2,Pickup,In Transit
660,33,4,Pickup,Scheduled
661,39,1,Delivery,Scheduled
662,9,6,Delivery,Delivered
663,43,3,Delivery,Scheduled
664,27,1,Pickup,Delivered
665,47,9,Pickup,Scheduled
666,45,9,Pickup,Scheduled
667,47,4,Pickup,In Transit
668,55,7,Pickup,Delivered
669,16,5,Pickup,In Transit
670,54,3,Delivery,In Transit
671,18,4,Pickup,Delivered
672,19,5,Pickup,Scheduled
673,12,8,Delivery,In Transit
674,8,9,Pickup,Delivered
675,57,2,Delivery,Scheduled
676,53,4,Pickup,In Transit
677,37,5,Delivery,In Transit
678,12,3,Pickup,Delivered
679,23,4,Pickup,Delivered
680,15,8,Pickup,Scheduled
681,21,9,Delivery,Delivered
682,38,1,Delivery,Delivered
683,21,1,Delivery,Scheduled
684,34,7,Pickup,In Transit
685,17,3,Pickup,Delivered
686,26,7,Delivery,Scheduled
687,2,5,Delivery,Scheduled
688,29,7,Pickup,Delivered
689,16,8,Pickup,Scheduled
690,53,1,Pickup,Scheduled
691,26,3,Pickup,Scheduled
692,32,9,Delivery,Scheduled
693,49,4,Delivery,Delivered
694,60,3,Pickup,Scheduled
695,21,4,Delivery,Delivered
696,32,2,Pickup,Scheduled
697,1,2,Delivery,Scheduled
698,44,5,Pickup,In Transit
699,56,4,Delivery,Delivered
700,55,7,Delivery,Delivered
701,47,5,Pickup,Scheduled
702,46,2,Pickup,Scheduled
703,27,5,Delivery,In Transit
704,49,8,Delivery,In Transit
705,46,4,Pickup,In Transit
706,3,4,Pickup,Delivered
707,47,1,Pickup,Delivered
708,16,4,Delivery,In Transit
709,23,5,Pickup,Delivered
710,24,8,Delivery,Scheduled
711,19,3,Pickup,Scheduled
712,30,7,Pickup,In Transit
713,28,7,Delivery,Scheduled
714,59,4,Pickup,Scheduled
715,19,4,Pickup,Scheduled
716,28,5,Pickup,Scheduled
717,54,1,Delivery,Scheduled
718,1,1,Pickup,Delivered
719,9,1,Pickup,Delivered
720,29,1,Delivery,Delivered
721,57,1,Delivery,In Transit
722,5,3,Pickup,Delivered
723,35,8,Pickup,Scheduled
724,29,5,Pickup,Scheduled
725,40,7,Pickup,Delivered
726,37,8,Pickup,Delivered
727,1,9,Pickup,Scheduled
728,25,1,Pickup,In Transit
729,20,7,Pickup,Scheduled
730,25,9,Pickup,In Transit
731,24,9,Pickup,Delivered
732,60,8,Pickup,Delivered
733,11,6,Delivery,In Transit
734,57,6,Pickup,In Transit
735,42,6,Pickup,Delivered
736,59,1,Pickup,In Transit
737,10,8,Delivery,Scheduled
738,32,3,Pickup,Scheduled
739,12,6,Pickup,Delivered
740,13,1,Pickup,Scheduled
741,3,3,Pickup,Scheduled
742,33,6,Pickup,In Transit
743,39,5,Delivery,Delivered
744,9,4,Delivery,Delivered
745,38,6,Pickup,Scheduled
746,60,8,Pickup,In Transit
747,33,9,Delivery,In Transit
748,37,6,Pickup,Delivered
749,40,4,Pickup,Scheduled
750,38,4,Delivery,Delivered
751,50,1,Delivery,Scheduled
752,49,2,Pickup,Scheduled
753,40,8,Pickup,Scheduled
754,39,8,Delivery,In Transit
755,51,5,Pickup,Delivered
756,20,6,Delivery,Scheduled
757,24,3,Delivery,Scheduled
758,6,1,Delivery,Scheduled
759,56,5,Pickup,Delivered
760,10,7,Delivery,Delivered
761,53,7,Delivery,Delivered
762,10,2,Delivery,Scheduled
763,56,3,Pickup,Delivered
764,32,8,Pickup,In Transit
765,52,3,Delivery,In Transit
766,52,7,Delivery,Delivered
767,31,8,Delivery,Delivered
768,37,4,Delivery,In Transit
769,46,6,Pickup,Delivered
770,39,2,Pickup,In Transit
771,6,6,Delivery,Scheduled
772,21,5,Delivery,Delivered
773,37,1,Delivery,Delivered
774,10,5,Delivery,Delivered
775,28,3,Delivery,In Transit
776,21,8,Delivery,In Transit
777,35,2,Pickup,Delivered
778,31,5,Delivery,Delivered
779,48,6,Pickup,Delivered
780,2,4,Pickup,Scheduled
781,27,8,Delivery,In Transit
782,11,5,Delivery,Scheduled
783,57,4,Pickup,Scheduled
784,51,5,Delivery,In Transit
785,7,5,Pickup,Scheduled
786,37,7,Pickup,In Transit
787,16,6,Pickup,Delivered
788,23,8,Pickup,Delivered
789,22,9,Delivery,Delivered
790,33,1,Delivery,In Transit
791,30,2,Pickup,Scheduled
792,33,4,Pickup,In Transit
793,18,8,Delivery,Scheduled
794,7,1,Delivery,Scheduled
795,22,3,Pickup,Delivered
796,4,2,Pickup,Delivered
797,33,5,Pickup,Scheduled
798,37,1,Delivery,Scheduled
799,14,9,Pickup,Scheduled
800,58,4,Pickup,Delivered
801,36,5,Pickup,Scheduled
802,30,9,Pickup,In Transit
803,20,3,Delivery,In Transit
804,17,1,Delivery,Scheduled
805,7,1,Pickup,In Transit
806,50,3,Delivery,Delivered
807,32,3,Delivery,In Transit
808,27,1,Delivery,In Transit
809,47,3,Pickup,In Transit
810,16,8,Pickup,Scheduled
811,42,6,Pickup,Delivered
812,43,6,Pickup,Scheduled
813,12,4,Delivery,Delivered
814,35,9,Delivery,Scheduled
815,52,4,Delivery,In Transit
816,37,6,Pickup,Delivered
817,53,7,Pickup,Delivered
818,4,5,Pickup,Scheduled
819,20,7,Pickup,Delivered
820,46,8,Delivery,Delivered
821,57,8,Pickup,Scheduled
822,49,4,Delivery,In Transit
823,56,3,Pickup,In Transit
824,52,5,Delivery,In Transit
825,27,8,Delivery,Scheduled
826,27,3,Delivery,Scheduled
827,25,4,Pickup,Delivered
828,36,4,Pickup,Scheduled
829,38,7,Pickup,Delivered
830,19,4,Pickup,In Transit
831,54,2,Pickup,Delivered
832,20,7,Pickup,In Transit
833,19,6,Delivery,Scheduled
834,11,2,Delivery,Scheduled
835,12,9,Pickup,Delivered
836,18,3,Delivery,In Transit
837,10,3,Delivery,Delivered
838,40,6,Pickup,Delivered
839,1,7,Pickup,Scheduled
840,39,6,Pickup,In Transit
841,51,9,Pickup,Scheduled
842,1,3,Delivery,Scheduled
843,20,5,Delivery,Delivered
844,15,1,Pickup,Scheduled
845,52,9,Pickup,In Transit
846,60,7,Delivery,Delivered
847,39,9,Delivery,Scheduled
848,21,5,Delivery,Scheduled
849,43,6,Pickup,Delivered
850,38,8,Pickup,Scheduled
851,54,7,Delivery,Scheduled
852,50,6,Delivery,Delivered
853,7,5,Delivery,In Transit
854,30,3,Delivery,Delivered
855,36,2,Pickup,Delivered
856,47,6,Delivery,In Transit
857,42,1,Delivery,Delivered
858,37,2,Pickup,Scheduled
859,45,8,Delivery,Delivered
860,8,6,Delivery,Scheduled
861,49,4,Delivery,In Transit
862,50,3,Delivery,In Transit
863,8,4,Pickup,Scheduled
864,32,5,Delivery,Scheduled
865,22,8,Pickup,Scheduled
866,23,5,Delivery,Delivered
867,10,2,Delivery,Delivered
868,46,1,Delivery,Delivered
869,58,7,Pickup,In Transit
870,33,3,Delivery,Scheduled
871,7,5,Delivery,In Transit
872,41,6,Delivery,In Transit
873,45,3,Pickup,Scheduled
874,39,7,Delivery,Delivered
875,17,7,Delivery,Delivered
876,53,5,Delivery,In Transit
877,52,1,Delivery,In Transit
878,7,3,Delivery,Scheduled
879,17,9,Pickup,In Transit
880,31,3,Pickup,Delivered
881,21,9,Delivery,Scheduled
882,30,2,Pickup,Delivered
883,44,1,Pickup,Scheduled
884,13,6,Delivery,Delivered
885,37,3,Delivery,Scheduled
886,7,6,Pickup,Scheduled
887,4,4,Pickup,Delivered
888,51,9,Delivery,In Transit
889,47,4,Pickup,Scheduled
890,22,3,Pickup,In Transit
891,8,6,Pickup,Scheduled
892,20,8,Delivery,In Transit
893,58,7,Pickup,Scheduled
894,4,1,Delivery,Scheduled
895,52,5,Delivery,Scheduled
896,2,8,Pickup,Delivered
897,6,5,Delivery,Delivered
898,46,7,Delivery,In Transit
899,30,2,Pickup,Scheduled
900,56,7,Pickup,Scheduled
901,21,5,Delivery,Delivered
902,21,9,Pickup,Delivered
903,12,2,Delivery,Scheduled
904,48,8,Pickup,Scheduled
905,50,7,Delivery,Delivered
906,58,2,Pickup,In Transit
907,18,1,Pickup,In Transit
908,49,9,Delivery,Scheduled
909,11,4,Delivery,Delivered
910,5,5,Delivery,Delivered
911,29,5,Pickup,In Transit
912,20,6,Delivery,Delivered
913,51,4,Pickup,Scheduled
914,39,7,Pickup,In Transit
915,23,8,Pickup,Delivered
916,4,5,Delivery,Scheduled
917,38,2,Delivery,Scheduled
918,15,8,Pickup,Delivered
919,46,1,Pickup,Scheduled
920,24,9,Delivery,Scheduled
921,54,7,Delivery,Delivered
922,32,6,Delivery,Scheduled
923,53,7,Delivery,In Transit
924,1,2,Pickup,In Transit
925,12,4,Pickup,Delivered
926,17,9,Pickup,Delivered
927,40,5,Pickup,Scheduled
928,59,1,Pickup,Delivered
929,7,6,Pickup,In Transit
930,8,6,Delivery,In Transit
931,22,8,Delivery,In Transit
932,31,6,Delivery,Scheduled
933,4,3,Pickup,Scheduled
934,27,4,Pickup,In Transit
935,50,3,Delivery,In Transit
936,40,1,Pickup,Delivered
937,45,6,Delivery,Scheduled
938,10,1,Pickup,In Transit
939,48,6,Pickup,Scheduled
940,49,9,Delivery,In Transit
941,43,5,Pickup,Scheduled
942,19,8,Pickup,Delivered
943,27,7,Delivery,In Transit
944,12,2,Delivery,Scheduled
945,11,6,Delivery,Scheduled
946,55,9,Delivery,Delivered
947,55,5,Pickup,Delivered
948,47,7,Delivery,Scheduled
949,39,7,Delivery,In Transit
950,25,8,Delivery,In Transit
951,54,4,Delivery,Scheduled
952,23,3,Pickup,Scheduled
953,52,3,Delivery,Scheduled
954,34,4,Pickup,Delivered
955,23,4,Pickup,Delivered
956,30,8,Pickup,Delivered
957,29,6,Pickup,Scheduled
958,25,4,Pickup,Delivered
959,15,3,Pickup,In Transit
960,54,5,Pickup,Delivered
961,28,3,Pickup,In Transit
962,8,3,Pickup,Delivered
963,8,5,Pickup,Scheduled
964,53,3,Pickup,Delivered
965,51,3,Delivery,Delivered
966,59,3,Pickup,In Transit
967,52,4,Pickup,In Transit
968,20,2,Pickup,Scheduled
969,37,1,Pickup,In Transit
970,20,8,Delivery,In Transit
971,20,6,Delivery,Delivered
972,20,2,Delivery,Delivered
973,19,4,Delivery,In Transit
974,19,2,Pickup,Scheduled
975,42,4,Delivery,In Transit
976,41,1,Delivery,In Transit
977,2,7,Pickup,Scheduled
978,3,2,Delivery,Scheduled
979,20,6,Pickup,Delivered
980,39,8,Pickup,In Transit
981,31,9,Delivery,In Transit
982,53,7,Pickup,Delivered
983,34,6,Delivery,In Transit
984,12,4,Pickup,In Transit
985,7,2,Pickup,In Transit
986,55,6,Delivery,Delivered
987,18,6,Pickup,Scheduled
988,7,5,Pickup,Delivered
989,56,4,Pickup,In Transit
990,35,8,Pickup,In Transit
991,57,1,Pickup,Scheduled
992,31,7,Delivery,Delivered
993,39,6,Delivery,Scheduled
994,38,2,Delivery,Scheduled
995,53,9,Delivery,Delivered
996,35,5,Delivery,Scheduled
997,42,6,Pickup,Scheduled
998,52,9,Pickup,Delivered
999,35,8,Delivery,In Transit
1000,40,7,Delivery,Delivered
