id,order_id,courier_id,jenis,jarak_km,tarif,tanggal_jadwal,tanggal_selesai,status,catatan
1,1,1,pickup,5.93,15000.0,2026-08-01 09:00:00,2026-08-01 11:00:00,Scheduled,Titipkan ke satpam
2,2,9,pickup,7.08,5000.0,2026-08-01 21:00:00,2026-08-01 23:00:00,Scheduled,Hubungi sebelum sampai
3,3,7,pickup,7.52,15000.0,2026-08-02 09:00:00,2026-08-02 11:00:00,Scheduled,Titipkan ke satpam
4,4,9,delivery,1.89,5000.0,2026-08-02 21:00:00,2026-08-02 23:00:00,Scheduled,Taruh di teras rumah
5,5,8,pickup,5.07,8000.0,2026-08-03 09:00:00,2026-08-03 11:00:00,In Transit,Hubungi sebelum sampai
6,6,1,delivery,3.66,5000.0,2026-08-03 21:00:00,2026-08-03 23:00:00,Scheduled,Titipkan ke satpam
7,7,8,pickup,9.83,15000.0,2026-08-04 09:00:00,2026-08-04 11:00:00,Delivered,Hubungi sebelum sampai
8,8,8,pickup,6.17,15000.0,2026-08-04 21:00:00,2026-08-04 23:00:00,Delivered,Taruh di teras rumah
9,9,3,pickup,11.82,15000.0,2026-08-05 09:00:00,2026-08-05 11:00:00,Scheduled,Hubungi sebelum sampai
10,10,1,pickup,5.39,15000.0,2026-08-05 21:00:00,2026-08-05 23:00:00,Delivered,Hubungi sebelum sampai
11,11,8,delivery,9.98,15000.0,2026-08-06 09:00:00,2026-08-06 11:00:00,Scheduled,Hubungi sebelum sampai
12,12,3,delivery,9.78,10000.0,2026-08-06 21:00:00,2026-08-06 23:00:00,Scheduled,Hubungi sebelum sampai
13,13,3,pickup,2.66,10000.0,2026-08-07 09:00:00,2026-08-07 11:00:00,Delivered,Taruh di teras rumah
14,14,1,pickup,6.59,5000.0,2026-08-07 21:00:00,2026-08-07 23:00:00,Scheduled,Pintu gerbang hitam
15,15,5,delivery,8.65,15000.0,2026-08-08 09:00:00,2026-08-08 11:00:00,Delivered,Hubungi sebelum sampai
16,16,7,pickup,10.44,5000.0,2026-08-08 21:00:00,2026-08-08 23:00:00,In Transit,Hubungi sebelum sampai
17,17,9,pickup,4.59,15000.0,2026-08-09 09:00:00,2026-08-09 11:00:00,Scheduled,Titipkan ke satpam
18,18,7,pickup,3.42,15000.0,2026-08-09 21:00:00,2026-08-09 23:00:00,In Transit,Hubungi sebelum sampai
19,19,9,delivery,8.82,10000.0,2026-08-10 09:00:00,2026-08-10 11:00:00,Delivered,Titipkan ke satpam
20,20,8,delivery,9.9,10000.0,2026-08-10 21:00:00,2026-08-10 23:00:00,In Transit,Pintu gerbang hitam
21,21,2,delivery,4.84,8000.0,2026-08-11 09:00:00,2026-08-11 11:00:00,In Transit,Taruh di teras rumah
22,22,1,pickup,2.06,10000.0,2026-08-11 21:00:00,2026-08-11 23:00:00,Delivered,Taruh di teras rumah
23,23,7,pickup,11.35,8000.0,2026-08-12 09:00:00,2026-08-12 11:00:00,In Transit,Pintu gerbang hitam
24,24,7,delivery,5.37,8000.0,2026-08-12 21:00:00,2026-08-12 23:00:00,In Transit,Taruh di teras rumah
25,25,8,delivery,6.7,8000.0,2026-08-13 09:00:00,2026-08-13 11:00:00,Delivered,Pintu gerbang hitam
26,26,5,delivery,10.21,8000.0,2026-08-13 21:00:00,2026-08-13 23:00:00,In Transit,Pintu gerbang hitam
27,27,3,delivery,8.43,8000.0,2026-08-14 09:00:00,2026-08-14 11:00:00,Delivered,Pintu gerbang hitam
28,28,8,pickup,9.09,5000.0,2026-08-14 21:00:00,2026-08-14 23:00:00,In Transit,Taruh di teras rumah
29,29,6,delivery,3.3,10000.0,2026-08-15 09:00:00,2026-08-15 11:00:00,Delivered,Titipkan ke satpam
30,30,3,pickup,6.96,8000.0,2026-08-15 21:00:00,2026-08-15 23:00:00,Delivered,Pintu gerbang hitam
31,31,1,delivery,8.65,15000.0,2026-08-16 09:00:00,2026-08-16 11:00:00,In Transit,Hubungi sebelum sampai
32,32,3,pickup,3.51,10000.0,2026-08-16 21:00:00,2026-08-16 23:00:00,In Transit,Taruh di teras rumah
33,33,5,delivery,2.92,10000.0,2026-08-17 09:00:00,2026-08-17 11:00:00,In Transit,Pintu gerbang hitam
34,34,3,delivery,11.8,8000.0,2026-08-17 21:00:00,2026-08-17 23:00:00,Scheduled,Pintu gerbang hitam
35,35,1,delivery,6.68,5000.0,2026-08-18 09:00:00,2026-08-18 11:00:00,Scheduled,Hubungi sebelum sampai
36,36,5,delivery,3.87,8000.0,2026-08-18 21:00:00,2026-08-18 23:00:00,Scheduled,Titipkan ke satpam
37,37,7,pickup,11.96,5000.0,2026-08-19 09:00:00,2026-08-19 11:00:00,Delivered,Titipkan ke satpam
38,38,7,delivery,11.62,15000.0,2026-08-19 21:00:00,2026-08-19 23:00:00,In Transit,Titipkan ke satpam
39,39,9,pickup,7.14,10000.0,2026-08-20 09:00:00,2026-08-20 11:00:00,Delivered,Pintu gerbang hitam
40,40,3,pickup,10.71,15000.0,2026-08-20 21:00:00,2026-08-20 23:00:00,Scheduled,Pintu gerbang hitam
41,41,7,pickup,3.08,5000.0,2026-08-21 09:00:00,2026-08-21 11:00:00,In Transit,Pintu gerbang hitam
42,42,1,pickup,4.07,5000.0,2026-08-21 21:00:00,2026-08-21 23:00:00,Delivered,Taruh di teras rumah
43,43,4,delivery,8.7,15000.0,2026-08-22 09:00:00,2026-08-22 11:00:00,In Transit,Hubungi sebelum sampai
44,44,4,pickup,10.31,5000.0,2026-08-22 21:00:00,2026-08-22 23:00:00,Delivered,Pintu gerbang hitam
45,45,5,pickup,10.42,15000.0,2026-08-23 09:00:00,2026-08-23 11:00:00,In Transit,Hubungi sebelum sampai
46,46,7,pickup,5.45,10000.0,2026-08-23 21:00:00,2026-08-23 23:00:00,Scheduled,Hubungi sebelum sampai
47,47,7,delivery,10.77,15000.0,2026-08-24 09:00:00,2026-08-24 11:00:00,Scheduled,Titipkan ke satpam
48,48,4,delivery,10.36,10000.0,2026-08-24 21:00:00,2026-08-24 23:00:00,In Transit,Taruh di teras rumah
49,49,7,delivery,11.29,15000.0,2026-08-25 09:00:00,2026-08-25 11:00:00,Delivered,Pintu gerbang hitam
50,50,3,delivery,9.64,5000.0,2026-08-25 21:00:00,2026-08-25 23:00:00,Scheduled,Titipkan ke satpam
51,51,6,pickup,8.36,15000.0,2026-08-26 09:00:00,2026-08-26 11:00:00,Scheduled,Titipkan ke satpam
52,52,2,pickup,7.39,5000.0,2026-08-26 21:00:00,2026-08-26 23:00:00,Scheduled,Pintu gerbang hitam
53,53,9,delivery,5.1,15000.0,2026-08-27 09:00:00,2026-08-27 11:00:00,In Transit,Hubungi sebelum sampai
54,54,5,pickup,11.34,15000.0,2026-08-27 21:00:00,2026-08-27 23:00:00,In Transit,Titipkan ke satpam
55,55,6,pickup,11.71,8000.0,2026-08-28 09:00:00,2026-08-28 11:00:00,Delivered,Hubungi sebelum sampai
56,56,4,pickup,4.12,5000.0,2026-08-28 21:00:00,2026-08-28 23:00:00,Delivered,Taruh di teras rumah
57,57,7,delivery,4.36,8000.0,2026-08-29 09:00:00,2026-08-29 11:00:00,Delivered,Hubungi sebelum sampai
58,58,9,delivery,6.34,5000.0,2026-08-29 21:00:00,2026-08-29 23:00:00,In Transit,Taruh di teras rumah
59,59,7,pickup,5.93,8000.0,2026-08-30 09:00:00,2026-08-30 11:00:00,In Transit,Hubungi sebelum sampai
60,60,1,delivery,11.94,10000.0,2026-08-30 21:00:00,2026-08-30 23:00:00,Delivered,Titipkan ke satpam
