payment_id,order_id,payment_method,payment_status,payment_date
1,42,QRIS,Paid,6/16/2022
2,10,VA,Paid,5/14/2022
3,46,VA,Unpaid,6/2/2022
4,51,QRIS,Paid,1/14/2022
5,16,Cash,Unpaid,3/21/2022
6,52,VA,Paid,11/2/2022
7,6,QRIS,Unpaid,10/9/2022
8,8,E-Wallet,Unpaid,10/13/2022
9,49,Cash,Unpaid,2/15/2022
10,17,QRIS,Paid,8/1/2022
11,9,Cash,Unpaid,4/25/2022
12,3,VA,Unpaid,1/19/2022
13,51,VA,Paid,6/15/2022
14,54,QRIS,Unpaid,12/26/2022
15,14,E-Wallet,Paid,12/12/2022
16,41,E-Wallet,Paid,8/14/2022
17,39,VA,Paid,1/4/2022
18,26,QRIS,Paid,1/22/2022
19,45,E-Wallet,Paid,6/1/2022
20,46,Cash,Paid,9/1/2022
21,55,VA,Unpaid,9/9/2022
22,25,VA,Paid,1/30/2022
23,24,Cash,Unpaid,12/16/2022
24,2,VA,Paid,6/14/2022
25,31,E-Wallet,Unpaid,11/22/2022
26,23,E-Wallet,Unpaid,1/31/2022
27,48,Cash,Paid,12/1/2022
28,51,E-Wallet,Paid,4/5/2022
29,43,Cash,Paid,12/14/2022
30,52,E-Wallet,Unpaid,7/2/2022
31,52,QRIS,Paid,6/29/2022
32,3,VA,Unpaid,5/9/2022
33,50,VA,Unpaid,10/6/2022
34,57,E-Wallet,Paid,12/14/2022
35,54,E-Wallet,Unpaid,12/13/2022
36,38,Cash,Unpaid,1/8/2022
37,20,Cash,Paid,9/30/2022
38,51,VA,Unpaid,1/25/2022
39,56,QRIS,Unpaid,2/10/2022
40,8,VA,Paid,9/7/2022
41,42,QRIS,Unpaid,5/13/2022
42,6,QRIS,Unpaid,7/24/2022
43,37,VA,Paid,6/22/2022
44,23,Cash,Paid,5/21/2022
45,30,Cash,Unpaid,1/16/2022
46,12,QRIS,Paid,8/2/2022
47,39,Cash,Unpaid,10/7/2022
48,19,VA,Unpaid,2/19/2022
49,31,Cash,Unpaid,8/4/2022
50,28,E-Wallet,Unpaid,8/22/2022
51,16,VA,Paid,3/7/2022
52,15,QRIS,Unpaid,8/30/2022
53,42,VA,Paid,10/28/2022
54,10,VA,Paid,10/31/2022
55,4,E-Wallet,Unpaid,1/3/2022
56,48,QRIS,Unpaid,12/8/2022
57,3,E-Wallet,Paid,5/20/2022
58,2,Cash,Unpaid,3/27/2022
59,2,VA,Paid,5/29/2022
60,10,E-Wallet,Paid,1/1/2022
61,22,QRIS,Paid,11/3/2022
62,48,Cash,Unpaid,4/29/2022
63,38,Cash,Paid,1/20/2022
64,43,QRIS,Paid,3/14/2022
65,50,VA,Paid,5/27/2022
66,59,VA,Unpaid,2/19/2022
67,55,VA,Paid,6/24/2022
68,32,QRIS,Unpaid,11/8/2022
69,44,Cash,Unpaid,4/7/2022
70,57,VA,Paid,9/19/2022
71,41,QRIS,Paid,9/21/2022
72,53,VA,Unpaid,3/24/2022
73,36,QRIS,Paid,10/30/2022
74,48,VA,Unpaid,8/1/2022
75,30,QRIS,Paid,3/28/2022
76,18,Cash,Paid,9/10/2022
77,9,Cash,Paid,11/23/2022
78,47,VA,Unpaid,7/11/2022
79,13,E-Wallet,Paid,8/15/2022
80,50,QRIS,Paid,8/1/2022
81,15,E-Wallet,Paid,12/23/2022
82,57,VA,Unpaid,10/29/2022
83,32,E-Wallet,Paid,2/13/2022
84,50,QRIS,Unpaid,8/24/2022
85,53,E-Wallet,Paid,8/17/2022
86,12,Cash,Paid,4/21/2022
87,50,E-Wallet,Unpaid,10/1/2022
88,56,E-Wallet,Unpaid,6/12/2022
89,42,Cash,Paid,11/17/2022
90,10,Cash,Paid,12/7/2022
91,7,E-Wallet,Paid,1/28/2022
92,59,VA,Unpaid,2/26/2022
93,21,Cash,Unpaid,6/1/2022
94,2,Cash,Unpaid,1/13/2022
95,15,E-Wallet,Paid,1/21/2022
96,45,Cash,Unpaid,4/12/2022
97,1,VA,Paid,9/21/2022
98,30,VA,Unpaid,10/12/2022
99,32,QRIS,Unpaid,6/17/2022
100,52,E-Wallet,Unpaid,3/6/2022
101,47,VA,Unpaid,3/10/2022
102,9,E-Wallet,Unpaid,4/28/2022
103,22,Cash,Paid,2/13/2022
104,51,QRIS,Unpaid,7/20/2022
105,37,E-Wallet,Unpaid,1/2/2022
106,50,E-Wallet,Paid,12/1/2022
107,8,E-Wallet,Paid,3/17/2022
108,16,E-Wallet,Unpaid,5/16/2022
109,53,Cash,Paid,9/11/2022
110,35,VA,Paid,4/17/2022
111,4,Cash,Paid,8/7/2022
112,59,Cash,Unpaid,5/2/2022
113,27,E-Wallet,Unpaid,9/7/2022
114,46,VA,Unpaid,7/22/2022
115,36,QRIS,Paid,11/8/2022
116,46,E-Wallet,Unpaid,8/1/2022
117,32,Cash,Paid,6/27/2022
118,57,VA,Paid,1/9/2022
119,50,QRIS,Paid,3/13/2022
120,44,Cash,Paid,4/28/2022
121,32,Cash,Unpaid,10/9/2022
122,27,QRIS,Paid,10/15/2022
123,32,QRIS,Paid,7/1/2022
124,22,VA,Paid,1/14/2022
125,35,VA,Paid,3/17/2022
126,25,QRIS,Paid,12/26/2022
127,42,Cash,Unpaid,11/21/2022
128,38,QRIS,Paid,2/9/2022
129,37,E-Wallet,Unpaid,1/15/2022
130,33,E-Wallet,Unpaid,3/16/2022
131,49,E-Wallet,Paid,8/11/2022
132,30,Cash,Paid,9/5/2022
133,17,Cash,Unpaid,2/11/2022
134,32,QRIS,Unpaid,4/11/2022
135,9,Cash,Paid,12/3/2022
136,18,VA,Unpaid,11/4/2022
137,42,QRIS,Unpaid,7/11/2022
138,56,VA,Paid,11/13/2022
139,29,E-Wallet,Paid,5/5/2022
140,50,VA,Unpaid,2/2/2022
141,43,E-Wallet,Unpaid,7/28/2022
142,43,E-Wallet,Paid,1/24/2022
143,6,VA,Unpaid,8/16/2022
144,24,E-Wallet,Unpaid,2/9/2022
145,23,QRIS,Unpaid,12/5/2022
146,52,QRIS,Unpaid,2/9/2022
147,46,E-Wallet,Paid,9/25/2022
148,20,E-Wallet,Unpaid,8/28/2022
149,36,E-Wallet,Unpaid,3/2/2022
150,50,E-Wallet,Paid,12/26/2022
151,12,E-Wallet,Unpaid,8/25/2022
152,42,Cash,Unpaid,1/13/2022
153,32,VA,Paid,5/25/2022
154,38,E-Wallet,Paid,1/28/2022
155,48,QRIS,Unpaid,5/14/2022
156,8,VA,Paid,6/29/2022
157,47,QRIS,Paid,11/18/2022
158,32,E-Wallet,Unpaid,3/13/2022
159,34,QRIS,Paid,3/13/2022
160,31,VA,Unpaid,10/30/2022
161,6,E-Wallet,Unpaid,6/17/2022
162,24,Cash,Unpaid,12/20/2022
163,6,Cash,Unpaid,3/8/2022
164,23,Cash,Paid,11/8/2022
165,29,E-Wallet,Paid,4/19/2022
166,30,Cash,Paid,3/24/2022
167,53,E-Wallet,Unpaid,7/15/2022
168,33,Cash,Unpaid,6/23/2022
169,34,VA,Paid,9/20/2022
170,7,E-Wallet,Paid,2/12/2022
171,54,VA,Unpaid,12/15/2022
172,12,QRIS,Unpaid,4/14/2022
173,45,VA,Unpaid,10/3/2022
174,18,Cash,Unpaid,8/22/2022
175,36,E-Wallet,Paid,7/25/2022
176,37,Cash,Unpaid,6/9/2022
177,14,VA,Paid,4/30/2022
178,23,VA,Unpaid,9/5/2022
179,9,QRIS,Unpaid,3/6/2022
180,17,QRIS,Paid,11/23/2022
181,39,VA,Paid,12/27/2022
182,41,E-Wallet,Unpaid,4/29/2022
183,47,VA,Paid,4/21/2022
184,36,Cash,Paid,12/12/2022
185,30,QRIS,Unpaid,8/12/2022
186,51,Cash,Unpaid,12/4/2022
187,59,VA,Unpaid,5/2/2022
188,19,E-Wallet,Unpaid,6/20/2022
189,7,VA,Paid,1/20/2022
190,8,VA,Paid,3/5/2022
191,37,VA,Paid,4/11/2022
192,26,E-Wallet,Unpaid,10/12/2022
193,46,VA,Unpaid,1/5/2022
194,2,QRIS,Paid,1/15/2022
195,36,E-Wallet,Paid,10/15/2022
196,16,VA,Unpaid,4/10/2022
197,8,VA,Unpaid,10/14/2022
198,32,Cash,Unpaid,1/12/2022
199,29,VA,Unpaid,8/24/2022
200,14,QRIS,Paid,5/28/2022
201,50,E-Wallet,Paid,8/3/2022
202,6,Cash,Unpaid,12/7/2022
203,2,Cash,Unpaid,10/12/2022
204,21,Cash,Paid,4/5/2022
205,52,Cash,Paid,8/11/2022
206,41,VA,Paid,4/20/2022
207,26,E-Wallet,Unpaid,4/19/2022
208,33,QRIS,Unpaid,1/16/2022
209,12,E-Wallet,Paid,1/28/2022
210,27,E-Wallet,Paid,3/30/2022
211,56,E-Wallet,Unpaid,1/7/2022
212,60,VA,Unpaid,4/2/2022
213,42,E-Wallet,Unpaid,6/14/2022
214,3,Cash,Unpaid,5/25/2022
215,41,VA,Paid,3/20/2022
216,13,QRIS,Unpaid,9/25/2022
217,31,Cash,Paid,3/6/2022
218,41,QRIS,Paid,10/22/2022
219,4,E-Wallet,Unpaid,7/1/2022
220,56,VA,Paid,11/4/2022
221,20,VA,Paid,10/20/2022
222,45,VA,Paid,9/1/2022
223,7,E-Wallet,Unpaid,2/23/2022
224,37,QRIS,Unpaid,5/25/2022
225,48,Cash,Unpaid,12/14/2022
226,6,Cash,Paid,9/8/2022
227,30,E-Wallet,Unpaid,10/9/2022
228,4,VA,Paid,3/6/2022
229,41,E-Wallet,Unpaid,11/16/2022
230,57,E-Wallet,Paid,8/12/2022
231,21,VA,Unpaid,7/25/2022
232,48,VA,Paid,10/6/2022
233,26,VA,Unpaid,5/8/2022
234,46,Cash,Unpaid,12/17/2022
235,27,E-Wallet,Paid,11/22/2022
236,33,VA,Unpaid,8/15/2022
237,8,E-Wallet,Unpaid,12/2/2022
238,23,E-Wallet,Paid,3/28/2022
239,24,E-Wallet,Paid,12/6/2022
240,25,VA,Unpaid,9/24/2022
241,25,VA,Paid,9/7/2022
242,19,QRIS,Paid,4/13/2022
243,59,QRIS,Paid,9/11/2022
244,40,E-Wallet,Unpaid,1/2/2022
245,19,Cash,Unpaid,9/15/2022
246,15,Cash,Paid,3/15/2022
247,46,VA,Unpaid,8/21/2022
248,58,E-Wallet,Unpaid,6/12/2022
249,60,E-Wallet,Paid,12/2/2022
250,23,Cash,Unpaid,2/14/2022
251,20,E-Wallet,Unpaid,10/23/2022
252,1,QRIS,Unpaid,4/11/2022
253,48,Cash,Paid,11/12/2022
254,36,Cash,Unpaid,11/28/2022
255,45,Cash,Paid,2/16/2022
256,37,E-Wallet,Paid,3/16/2022
257,5,E-Wallet,Paid,11/28/2022
258,45,VA,Unpaid,1/10/2022
259,47,VA,Unpaid,12/8/2022
260,50,Cash,Paid,5/1/2022
261,39,E-Wallet,Unpaid,7/4/2022
262,3,Cash,Unpaid,9/12/2022
263,17,QRIS,Paid,4/29/2022
264,54,E-Wallet,Unpaid,4/15/2022
265,6,VA,Unpaid,11/27/2022
266,2,Cash,Unpaid,9/16/2022
267,51,VA,Unpaid,2/3/2022
268,57,VA,Unpaid,7/28/2022
269,16,QRIS,Unpaid,8/27/2022
270,36,E-Wallet,Unpaid,7/6/2022
271,7,Cash,Paid,6/13/2022
272,1,QRIS,Paid,8/18/2022
273,24,VA,Paid,9/4/2022
274,5,E-Wallet,Unpaid,4/8/2022
275,57,VA,Unpaid,1/17/2022
276,15,VA,Paid,1/14/2022
277,18,QRIS,Unpaid,11/14/2022
278,31,E-Wallet,Unpaid,8/1/2022
279,48,VA,Paid,7/27/2022
280,50,E-Wallet,Unpaid,11/29/2022
281,37,QRIS,Paid,5/20/2022
282,23,E-Wallet,Unpaid,7/26/2022
283,11,Cash,Unpaid,3/1/2022
284,6,VA,Unpaid,1/9/2022
285,15,QRIS,Unpaid,12/17/2022
286,30,QRIS,Paid,1/28/2022
287,52,QRIS,Paid,10/22/2022
288,7,QRIS,Unpaid,1/12/2022
289,50,VA,Paid,9/21/2022
290,3,Cash,Paid,9/8/2022
291,40,Cash,Paid,7/20/2022
292,43,QRIS,Paid,8/31/2022
293,51,Cash,Paid,3/20/2022
294,24,VA,Paid,3/5/2022
295,58,QRIS,Paid,2/14/2022
296,3,E-Wallet,Unpaid,8/3/2022
297,34,QRIS,Paid,8/28/2022
298,43,Cash,Paid,4/5/2022
299,5,Cash,Unpaid,12/19/2022
300,56,Cash,Unpaid,12/13/2022
301,35,E-Wallet,Paid,1/31/2022
302,41,QRIS,Unpaid,10/30/2022
303,17,VA,Unpaid,1/27/2022
304,54,VA,Unpaid,9/5/2022
305,44,Cash,Paid,11/15/2022
306,47,Cash,Paid,9/12/2022
307,55,E-Wallet,Paid,10/24/2022
308,29,VA,Unpaid,1/17/2022
309,6,QRIS,Unpaid,11/29/2022
310,24,E-Wallet,Unpaid,7/6/2022
311,41,Cash,Paid,4/7/2022
312,20,E-Wallet,Unpaid,2/10/2022
313,46,Cash,Unpaid,5/22/2022
314,54,Cash,Unpaid,10/21/2022
315,30,QRIS,Unpaid,5/25/2022
316,6,E-Wallet,Unpaid,6/8/2022
317,28,E-Wallet,Paid,11/25/2022
318,59,E-Wallet,Paid,10/30/2022
319,38,Cash,Paid,1/26/2022
320,20,E-Wallet,Paid,12/24/2022
321,15,QRIS,Unpaid,9/22/2022
322,52,QRIS,Paid,11/24/2022
323,1,E-Wallet,Paid,2/9/2022
324,13,VA,Unpaid,12/1/2022
325,1,VA,Paid,8/9/2022
326,36,VA,Paid,11/21/2022
327,41,Cash,Unpaid,11/15/2022
328,59,QRIS,Paid,9/7/2022
329,30,Cash,Unpaid,9/3/2022
330,13,Cash,Paid,8/31/2022
331,21,VA,Paid,6/30/2022
332,1,VA,Paid,12/8/2022
333,48,Cash,Unpaid,6/14/2022
334,5,E-Wallet,Unpaid,5/24/2022
335,9,E-Wallet,Paid,6/23/2022
336,3,VA,Paid,11/28/2022
337,4,VA,Unpaid,8/6/2022
338,1,VA,Unpaid,11/23/2022
339,56,QRIS,Paid,11/6/2022
340,43,VA,Unpaid,4/20/2022
341,29,Cash,Unpaid,2/26/2022
342,33,E-Wallet,Unpaid,1/18/2022
343,42,E-Wallet,Paid,8/15/2022
344,56,E-Wallet,Unpaid,7/7/2022
345,45,VA,Paid,2/4/2022
346,52,Cash,Unpaid,12/24/2022
347,3,VA,Paid,11/12/2022
348,21,E-Wallet,Unpaid,11/8/2022
349,17,VA,Paid,4/29/2022
350,9,VA,Paid,3/25/2022
351,59,Cash,Paid,4/10/2022
352,43,QRIS,Paid,6/26/2022
353,46,Cash,Unpaid,8/10/2022
354,53,Cash,Paid,4/24/2022
355,1,E-Wallet,Paid,5/16/2022
356,29,QRIS,Paid,10/23/2022
357,9,QRIS,Paid,8/1/2022
358,25,QRIS,Paid,8/1/2022
359,3,Cash,Unpaid,12/23/2022
360,18,Cash,Unpaid,4/8/2022
361,55,VA,Paid,6/20/2022
362,55,Cash,Paid,6/10/2022
363,13,E-Wallet,Unpaid,1/7/2022
364,49,QRIS,Unpaid,9/7/2022
365,9,QRIS,Paid,1/16/2022
366,15,Cash,Paid,11/5/2022
367,35,QRIS,Unpaid,1/21/2022
368,18,VA,Unpaid,4/21/2022
369,53,QRIS,Unpaid,10/6/2022
370,12,E-Wallet,Unpaid,10/22/2022
371,37,VA,Unpaid,6/7/2022
372,34,QRIS,Unpaid,10/18/2022
373,20,QRIS,Unpaid,2/23/2022
374,22,QRIS,Unpaid,4/8/2022
375,36,E-Wallet,Paid,2/5/2022
376,22,QRIS,Paid,10/29/2022
377,18,QRIS,Paid,6/6/2022
378,41,Cash,Unpaid,1/18/2022
379,17,E-Wallet,Paid,2/22/2022
380,32,QRIS,Paid,5/27/2022
381,11,VA,Paid,2/13/2022
382,34,QRIS,Paid,9/25/2022
383,40,Cash,Unpaid,3/19/2022
384,2,E-Wallet,Unpaid,10/11/2022
385,45,E-Wallet,Paid,2/11/2022
386,22,Cash,Paid,10/4/2022
387,36,E-Wallet,Unpaid,9/28/2022
388,7,VA,Paid,5/16/2022
389,58,Cash,Paid,3/13/2022
390,2,E-Wallet,Unpaid,9/5/2022
391,43,Cash,Paid,7/26/2022
392,43,E-Wallet,Unpaid,9/8/2022
393,58,Cash,Paid,6/11/2022
394,57,QRIS,Paid,10/7/2022
395,58,VA,Paid,7/1/2022
396,22,E-Wallet,Unpaid,3/4/2022
397,37,E-Wallet,Paid,2/10/2022
398,51,QRIS,Unpaid,6/25/2022
399,32,VA,Unpaid,2/10/2022
400,21,VA,Paid,2/8/2022
401,56,E-Wallet,Unpaid,1/19/2022
402,37,QRIS,Paid,2/14/2022
403,11,QRIS,Unpaid,11/9/2022
404,19,VA,Paid,1/18/2022
405,58,E-Wallet,Unpaid,4/13/2022
406,7,E-Wallet,Paid,6/1/2022
407,44,Cash,Unpaid,4/1/2022
408,33,QRIS,Unpaid,8/6/2022
409,43,E-Wallet,Unpaid,1/27/2022
410,31,Cash,Paid,4/22/2022
411,38,Cash,Unpaid,3/25/2022
412,11,QRIS,Unpaid,4/6/2022
413,28,Cash,Unpaid,4/5/2022
414,51,QRIS,Paid,5/1/2022
415,36,Cash,Unpaid,4/3/2022
416,12,Cash,Unpaid,10/8/2022
417,30,QRIS,Unpaid,3/16/2022
418,36,QRIS,Paid,3/19/2022
419,53,Cash,Unpaid,2/13/2022
420,23,VA,Unpaid,9/20/2022
421,54,E-Wallet,Unpaid,10/6/2022
422,35,E-Wallet,Paid,6/1/2022
423,47,E-Wallet,Paid,2/12/2022
424,4,E-Wallet,Paid,8/23/2022
425,34,QRIS,Paid,11/5/2022
426,7,VA,Paid,11/16/2022
427,34,E-Wallet,Unpaid,9/23/2022
428,38,VA,Paid,11/26/2022
429,45,VA,Unpaid,3/31/2022
430,55,Cash,Unpaid,6/30/2022
431,14,E-Wallet,Unpaid,6/22/2022
432,14,VA,Paid,8/26/2022
433,24,E-Wallet,Unpaid,7/3/2022
434,56,E-Wallet,Unpaid,10/20/2022
435,53,VA,Unpaid,8/13/2022
436,12,QRIS,Unpaid,6/13/2022
437,41,QRIS,Paid,9/23/2022
438,14,E-Wallet,Paid,3/15/2022
439,28,VA,Unpaid,3/14/2022
440,42,VA,Paid,1/16/2022
441,22,VA,Paid,10/11/2022
442,22,QRIS,Unpaid,8/13/2022
443,5,Cash,Paid,8/26/2022
444,22,QRIS,Paid,3/9/2022
445,37,Cash,Unpaid,2/15/2022
446,16,QRIS,Unpaid,1/20/2022
447,12,QRIS,Paid,6/29/2022
448,55,QRIS,Paid,7/3/2022
449,32,Cash,Unpaid,2/27/2022
450,5,E-Wallet,Paid,8/26/2022
451,40,Cash,Unpaid,2/18/2022
452,41,QRIS,Paid,4/13/2022
453,58,VA,Unpaid,9/14/2022
454,12,E-Wallet,Unpaid,7/30/2022
455,22,QRIS,Unpaid,12/22/2022
456,18,VA,Unpaid,7/3/2022
457,21,E-Wallet,Unpaid,6/1/2022
458,1,VA,Unpaid,12/1/2022
459,18,E-Wallet,Unpaid,1/1/2022
460,56,E-Wallet,Unpaid,4/18/2022
461,39,Cash,Paid,7/12/2022
462,4,QRIS,Unpaid,9/23/2022
463,57,E-Wallet,Paid,9/5/2022
464,11,E-Wallet,Unpaid,9/6/2022
465,19,VA,Paid,1/8/2022
466,29,QRIS,Paid,6/6/2022
467,8,VA,Unpaid,3/23/2022
468,33,E-Wallet,Unpaid,7/20/2022
469,49,E-Wallet,Unpaid,2/14/2022
470,9,Cash,Unpaid,4/7/2022
471,57,QRIS,Unpaid,9/20/2022
472,20,QRIS,Unpaid,11/9/2022
473,58,VA,Paid,8/9/2022
474,10,Cash,Paid,5/13/2022
475,33,Cash,Paid,10/21/2022
476,39,Cash,Paid,3/28/2022
477,26,E-Wallet,Unpaid,7/2/2022
478,58,Cash,Paid,10/17/2022
479,60,Cash,Unpaid,1/5/2022
480,57,VA,Unpaid,10/7/2022
481,19,QRIS,Paid,6/7/2022
482,9,QRIS,Paid,11/6/2022
483,13,Cash,Paid,8/20/2022
484,7,VA,Unpaid,1/9/2022
485,22,QRIS,Paid,9/15/2022
486,49,Cash,Paid,7/27/2022
487,44,Cash,Paid,11/16/2022
488,2,Cash,Unpaid,11/4/2022
489,14,VA,Unpaid,11/27/2022
490,13,Cash,Paid,7/11/2022
491,34,VA,Unpaid,6/25/2022
492,41,E-Wallet,Unpaid,4/18/2022
493,25,VA,Paid,10/18/2022
494,41,Cash,Unpaid,7/3/2022
495,44,VA,Unpaid,7/1/2022
496,12,VA,Paid,8/14/2022
497,35,Cash,Paid,9/2/2022
498,12,VA,Paid,3/7/2022
499,19,E-Wallet,Paid,10/20/2022
500,49,QRIS,Unpaid,3/25/2022
501,7,E-Wallet,Unpaid,1/9/2022
502,11,QRIS,Unpaid,1/10/2022
503,40,E-Wallet,Paid,4/1/2022
504,50,QRIS,Paid,2/6/2022
505,34,Cash,Unpaid,12/5/2022
506,43,E-Wallet,Unpaid,11/14/2022
507,39,Cash,Unpaid,10/8/2022
508,11,QRIS,Paid,5/17/2022
509,53,QRIS,Unpaid,2/4/2022
510,34,Cash,Unpaid,8/19/2022
511,46,QRIS,Unpaid,3/6/2022
512,34,E-Wallet,Paid,10/16/2022
513,33,VA,Paid,2/22/2022
514,25,QRIS,Unpaid,11/2/2022
515,58,QRIS,Paid,5/16/2022
516,29,VA,Paid,7/28/2022
517,54,E-Wallet,Unpaid,7/28/2022
518,55,VA,Unpaid,3/23/2022
519,42,Cash,Paid,1/24/2022
520,49,QRIS,Unpaid,5/29/2022
521,44,E-Wallet,Unpaid,10/30/2022
522,44,QRIS,Paid,12/15/2022
523,2,QRIS,Paid,1/1/2022
524,49,E-Wallet,Unpaid,8/26/2022
525,12,VA,Unpaid,9/23/2022
526,34,VA,Unpaid,7/8/2022
527,45,VA,Paid,7/10/2022
528,26,QRIS,Unpaid,11/10/2022
529,2,VA,Unpaid,1/4/2022
530,15,QRIS,Paid,6/10/2022
531,4,E-Wallet,Unpaid,4/2/2022
532,56,QRIS,Paid,12/26/2022
533,20,VA,Paid,11/13/2022
534,40,E-Wallet,Unpaid,7/4/2022
535,44,QRIS,Paid,4/20/2022
536,44,QRIS,Paid,4/20/2022
537,9,VA,Unpaid,8/3/2022
538,4,E-Wallet,Unpaid,1/23/2022
539,2,E-Wallet,Unpaid,9/30/2022
540,30,VA,Paid,7/27/2022
541,5,E-Wallet,Unpaid,7/14/2022
542,46,E-Wallet,Paid,3/22/2022
543,59,QRIS,Unpaid,12/9/2022
544,45,VA,Unpaid,1/16/2022
545,34,Cash,Paid,12/5/2022
546,18,QRIS,Unpaid,1/2/2022
547,37,E-Wallet,Unpaid,6/24/2022
548,54,Cash,Paid,4/1/2022
549,20,QRIS,Unpaid,7/7/2022
550,24,VA,Paid,9/26/2022
551,56,Cash,Paid,9/30/2022
552,23,E-Wallet,Unpaid,6/29/2022
553,9,VA,Paid,11/25/2022
554,57,QRIS,Paid,4/22/2022
555,16,QRIS,Paid,12/22/2022
556,22,E-Wallet,Paid,3/6/2022
557,12,QRIS,Unpaid,8/16/2022
558,57,QRIS,Paid,7/17/2022
559,11,Cash,Paid,7/30/2022
560,50,E-Wallet,Paid,4/16/2022
561,24,QRIS,Paid,3/18/2022
562,48,VA,Unpaid,2/25/2022
563,4,E-Wallet,Paid,11/15/2022
564,7,E-Wallet,Unpaid,3/15/2022
565,39,E-Wallet,Unpaid,8/31/2022
566,12,VA,Paid,9/6/2022
567,53,QRIS,Paid,12/14/2022
568,23,QRIS,Unpaid,2/2/2022
569,16,VA,Paid,4/7/2022
570,32,E-Wallet,Paid,8/21/2022
571,57,Cash,Unpaid,6/4/2022
572,47,QRIS,Unpaid,5/21/2022
573,15,QRIS,Unpaid,9/19/2022
574,6,Cash,Paid,5/13/2022
575,44,Cash,Unpaid,7/23/2022
576,43,QRIS,Paid,10/13/2022
577,36,QRIS,Unpaid,2/26/2022
578,29,Cash,Unpaid,1/17/2022
579,43,QRIS,Unpaid,5/28/2022
580,9,Cash,Paid,5/5/2022
581,9,QRIS,Paid,8/29/2022
582,40,E-Wallet,Unpaid,6/24/2022
583,17,QRIS,Paid,5/16/2022
584,27,VA,Paid,7/26/2022
585,47,E-Wallet,Unpaid,3/27/2022
586,18,Cash,Unpaid,3/17/2022
587,13,VA,Paid,7/14/2022
588,40,QRIS,Unpaid,5/17/2022
589,39,Cash,Unpaid,9/6/2022
590,6,QRIS,Unpaid,6/5/2022
591,33,E-Wallet,Unpaid,9/28/2022
592,58,QRIS,Paid,10/26/2022
593,12,Cash,Unpaid,10/29/2022
594,44,QRIS,Unpaid,8/20/2022
595,28,E-Wallet,Unpaid,3/19/2022
596,21,E-Wallet,Paid,10/7/2022
597,23,Cash,Unpaid,12/1/2022
598,36,QRIS,Paid,3/21/2022
599,16,VA,Unpaid,7/22/2022
600,17,E-Wallet,Paid,12/1/2022
601,38,Cash,Paid,8/19/2022
602,22,QRIS,Unpaid,10/20/2022
603,6,VA,Paid,7/23/2022
604,1,Cash,Unpaid,8/7/2022
605,3,Cash,Paid,7/11/2022
606,43,Cash,Paid,3/17/2022
607,20,QRIS,Paid,10/5/2022
608,16,VA,Paid,2/17/2022
609,52,Cash,Unpaid,7/10/2022
610,34,VA,Paid,1/31/2022
611,31,E-Wallet,Paid,9/14/2022
612,22,E-Wallet,Paid,8/16/2022
613,22,E-Wallet,Unpaid,5/1/2022
614,40,VA,Unpaid,2/13/2022
615,27,VA,Unpaid,10/26/2022
616,43,QRIS,Paid,9/8/2022
617,29,QRIS,Paid,9/13/2022
618,27,E-Wallet,Paid,9/5/2022
619,28,Cash,Paid,9/12/2022
620,54,VA,Unpaid,12/29/2022
621,4,VA,Paid,5/5/2022
622,55,VA,Unpaid,9/4/2022
623,19,Cash,Unpaid,10/25/2022
624,20,QRIS,Unpaid,9/23/2022
625,2,QRIS,Unpaid,12/18/2022
626,59,VA,Paid,5/21/2022
627,57,QRIS,Paid,7/13/2022
628,4,QRIS,Paid,9/25/2022
629,40,Cash,Paid,1/3/2022
630,15,VA,Unpaid,12/26/2022
631,24,Cash,Paid,10/20/2022
632,3,QRIS,Paid,11/18/2022
633,26,Cash,Paid,7/6/2022
634,46,VA,Paid,4/18/2022
635,57,Cash,Paid,11/10/2022
636,58,QRIS,Paid,9/11/2022
637,1,Cash,Paid,6/16/2022
638,44,Cash,Paid,3/20/2022
639,13,Cash,Unpaid,3/7/2022
640,27,Cash,Paid,7/15/2022
641,43,E-Wallet,Unpaid,8/10/2022
642,34,VA,Paid,4/8/2022
643,24,QRIS,Unpaid,2/26/2022
644,32,QRIS,Unpaid,6/18/2022
645,6,Cash,Unpaid,8/30/2022
646,42,E-Wallet,Unpaid,11/10/2022
647,59,Cash,Paid,5/27/2022
648,11,QRIS,Unpaid,5/21/2022
649,24,QRIS,Paid,8/19/2022
650,55,Cash,Unpaid,5/14/2022
651,38,E-Wallet,Unpaid,11/24/2022
652,34,E-Wallet,Paid,11/10/2022
653,25,QRIS,Unpaid,10/25/2022
654,27,E-Wallet,Unpaid,3/16/2022
655,6,QRIS,Paid,6/15/2022
656,35,VA,Unpaid,1/8/2022
657,49,Cash,Paid,7/27/2022
658,32,VA,Unpaid,4/29/2022
659,56,QRIS,Paid,6/3/2022
660,33,Cash,Paid,5/23/2022
661,43,Cash,Unpaid,7/27/2022
662,19,QRIS,Unpaid,7/6/2022
663,9,Cash,Paid,10/2/2022
664,1,E-Wallet,Paid,10/16/2022
665,6,Cash,Unpaid,8/7/2022
666,34,E-Wallet,Unpaid,6/25/2022
667,60,Cash,Paid,6/19/2022
668,34,Cash,Paid,11/17/2022
669,34,Cash,Paid,5/29/2022
670,17,E-Wallet,Paid,1/8/2022
671,53,VA,Unpaid,5/5/2022
672,9,QRIS,Unpaid,2/7/2022
673,12,Cash,Unpaid,6/25/2022
674,11,E-Wallet,Paid,2/21/2022
675,9,Cash,Paid,11/14/2022
676,26,VA,Unpaid,5/18/2022
677,23,Cash,Paid,9/21/2022
678,16,VA,Unpaid,1/30/2022
679,18,QRIS,Unpaid,8/8/2022
680,9,Cash,Unpaid,4/16/2022
681,46,Cash,Unpaid,3/25/2022
682,1,VA,Unpaid,7/16/2022
683,21,Cash,Paid,11/28/2022
684,22,QRIS,Paid,7/30/2022
685,30,E-Wallet,Paid,11/8/2022
686,33,E-Wallet,Paid,6/6/2022
687,49,E-Wallet,Unpaid,5/4/2022
688,9,QRIS,Paid,4/21/2022
689,5,E-Wallet,Unpaid,8/29/2022
690,59,QRIS,Paid,12/7/2022
691,11,VA,Paid,10/27/2022
692,23,Cash,Paid,4/21/2022
693,39,QRIS,Unpaid,1/13/2022
694,24,Cash,Unpaid,4/16/2022
695,28,Cash,Unpaid,4/26/2022
696,24,Cash,Paid,7/30/2022
697,44,E-Wallet,Unpaid,3/22/2022
698,56,QRIS,Unpaid,12/11/2022
699,41,QRIS,Paid,7/20/2022
700,39,VA,Unpaid,6/29/2022
701,23,E-Wallet,Paid,11/4/2022
702,44,E-Wallet,Paid,4/12/2022
703,30,Cash,Paid,9/9/2022
704,32,VA,Paid,3/18/2022
705,25,E-Wallet,Unpaid,4/24/2022
706,7,E-Wallet,Unpaid,8/13/2022
707,24,QRIS,Unpaid,5/29/2022
708,9,VA,Paid,10/27/2022
709,21,VA,Paid,8/22/2022
710,9,VA,Paid,1/2/2022
711,22,VA,Paid,9/3/2022
712,23,QRIS,Paid,5/16/2022
713,11,E-Wallet,Paid,2/1/2022
714,20,Cash,Unpaid,4/8/2022
715,7,Cash,Paid,8/27/2022
716,34,E-Wallet,Paid,6/20/2022
717,24,VA,Unpaid,10/9/2022
718,11,VA,Unpaid,6/5/2022
719,18,E-Wallet,Unpaid,9/26/2022
720,20,E-Wallet,Paid,2/6/2022
721,28,VA,Unpaid,6/16/2022
722,17,Cash,Unpaid,11/2/2022
723,40,QRIS,Unpaid,3/27/2022
724,59,VA,Paid,1/20/2022
725,58,E-Wallet,Unpaid,11/19/2022
726,8,E-Wallet,Unpaid,1/1/2022
727,53,Cash,Paid,5/21/2022
728,14,E-Wallet,Paid,2/21/2022
729,32,Cash,Unpaid,1/24/2022
730,12,Cash,Paid,1/19/2022
731,53,VA,Paid,5/20/2022
732,34,Cash,Paid,10/4/2022
733,28,E-Wallet,Paid,12/29/2022
734,42,E-Wallet,Unpaid,7/3/2022
735,47,Cash,Unpaid,9/10/2022
736,58,VA,Paid,7/9/2022
737,25,QRIS,Unpaid,5/10/2022
738,23,VA,Paid,12/22/2022
739,16,VA,Paid,9/27/2022
740,14,E-Wallet,Unpaid,4/29/2022
741,3,VA,Unpaid,8/2/2022
742,57,Cash,Paid,3/5/2022
743,31,E-Wallet,Unpaid,9/26/2022
744,53,VA,Paid,1/15/2022
745,7,QRIS,Paid,6/23/2022
746,34,QRIS,Unpaid,3/1/2022
747,11,Cash,Unpaid,7/14/2022
748,31,E-Wallet,Paid,1/2/2022
749,44,VA,Unpaid,7/20/2022
750,39,Cash,Paid,11/14/2022
751,43,VA,Unpaid,5/22/2022
752,40,Cash,Paid,8/5/2022
753,60,Cash,Unpaid,9/19/2022
754,53,Cash,Paid,10/24/2022
755,38,E-Wallet,Unpaid,5/13/2022
756,57,E-Wallet,Unpaid,1/10/2022
757,50,VA,Unpaid,12/24/2022
758,33,E-Wallet,Unpaid,8/1/2022
759,38,Cash,Paid,8/18/2022
760,15,QRIS,Paid,1/21/2022
761,58,E-Wallet,Paid,1/26/2022
762,46,QRIS,Paid,9/8/2022
763,57,Cash,Unpaid,1/30/2022
764,2,VA,Paid,4/23/2022
765,15,QRIS,Paid,4/15/2022
766,59,E-Wallet,Paid,4/7/2022
767,33,QRIS,Unpaid,8/15/2022
768,50,QRIS,Unpaid,5/7/2022
769,57,QRIS,Paid,2/24/2022
770,9,E-Wallet,Paid,1/26/2022
771,38,E-Wallet,Unpaid,3/26/2022
772,21,QRIS,Paid,9/25/2022
773,22,E-Wallet,Unpaid,11/11/2022
774,58,E-Wallet,Unpaid,4/8/2022
775,19,QRIS,Paid,2/7/2022
776,31,Cash,Paid,11/7/2022
777,37,E-Wallet,Unpaid,1/22/2022
778,22,E-Wallet,Unpaid,1/4/2022
779,9,E-Wallet,Unpaid,7/21/2022
780,26,E-Wallet,Unpaid,10/23/2022
781,59,Cash,Paid,7/25/2022
782,44,E-Wallet,Paid,2/25/2022
783,42,QRIS,Unpaid,7/19/2022
784,4,E-Wallet,Unpaid,12/12/2022
785,9,Cash,Paid,10/13/2022
786,38,E-Wallet,Unpaid,4/2/2022
787,5,E-Wallet,Paid,8/28/2022
788,15,Cash,Unpaid,3/22/2022
789,58,E-Wallet,Unpaid,10/19/2022
790,57,QRIS,Paid,8/10/2022
791,3,Cash,Unpaid,8/4/2022
792,55,E-Wallet,Paid,2/26/2022
793,11,E-Wallet,Paid,11/26/2022
794,59,VA,Paid,7/17/2022
795,46,QRIS,Unpaid,8/25/2022
796,56,QRIS,Unpaid,3/7/2022
797,42,Cash,Unpaid,12/24/2022
798,60,Cash,Unpaid,4/20/2022
799,43,VA,Paid,11/13/2022
800,59,QRIS,Unpaid,1/4/2022
801,47,Cash,Paid,2/3/2022
802,46,Cash,Paid,3/23/2022
803,29,QRIS,Unpaid,3/15/2022
804,38,E-Wallet,Unpaid,3/24/2022
805,1,E-Wallet,Paid,7/5/2022
806,33,QRIS,Paid,3/28/2022
807,37,Cash,Unpaid,9/28/2022
808,19,E-Wallet,Paid,12/13/2022
809,29,QRIS,Paid,3/15/2022
810,21,Cash,Unpaid,6/20/2022
811,54,E-Wallet,Unpaid,9/4/2022
812,26,VA,Unpaid,5/8/2022
813,40,Cash,Paid,11/13/2022
814,1,QRIS,Unpaid,10/11/2022
815,24,VA,Paid,2/15/2022
816,3,E-Wallet,Unpaid,8/21/2022
817,33,VA,Unpaid,5/30/2022
818,35,QRIS,Paid,8/20/2022
819,58,E-Wallet,Unpaid,9/21/2022
820,23,VA,Paid,1/15/2022
821,51,E-Wallet,Paid,11/22/2022
822,33,E-Wallet,Paid,7/24/2022
823,53,E-Wallet,Unpaid,4/16/2022
824,29,QRIS,Unpaid,10/9/2022
825,3,QRIS,Unpaid,7/29/2022
826,18,VA,Paid,5/15/2022
827,48,VA,Unpaid,11/15/2022
828,39,E-Wallet,Paid,11/5/2022
829,37,VA,Unpaid,3/16/2022
830,54,VA,Paid,8/14/2022
831,15,QRIS,Paid,7/17/2022
832,5,Cash,Paid,8/9/2022
833,37,Cash,Paid,11/23/2022
834,36,QRIS,Unpaid,8/8/2022
835,36,QRIS,Paid,6/21/2022
836,20,E-Wallet,Unpaid,4/18/2022
837,15,VA,Paid,7/1/2022
838,58,VA,Paid,3/7/2022
839,58,Cash,Paid,11/6/2022
840,42,E-Wallet,Unpaid,1/22/2022
841,38,VA,Unpaid,2/20/2022
842,33,QRIS,Paid,3/25/2022
843,22,E-Wallet,Unpaid,8/28/2022
844,32,QRIS,Unpaid,8/11/2022
845,27,QRIS,Paid,6/2/2022
846,23,Cash,Unpaid,1/14/2022
847,48,E-Wallet,Paid,6/9/2022
848,8,Cash,Unpaid,10/31/2022
849,18,VA,Paid,2/21/2022
850,12,Cash,Unpaid,10/31/2022
851,22,VA,Unpaid,12/1/2022
852,33,VA,Paid,5/31/2022
853,29,E-Wallet,Unpaid,11/16/2022
854,6,Cash,Unpaid,12/10/2022
855,41,VA,Unpaid,6/6/2022
856,42,QRIS,Unpaid,11/24/2022
857,29,E-Wallet,Unpaid,12/28/2022
858,39,QRIS,Paid,4/18/2022
859,31,VA,Unpaid,5/20/2022
860,9,Cash,Unpaid,7/28/2022
861,47,Cash,Paid,10/23/2022
862,28,Cash,Paid,4/17/2022
863,50,VA,Unpaid,10/17/2022
864,53,E-Wallet,Unpaid,7/20/2022
865,45,QRIS,Unpaid,6/16/2022
866,10,Cash,Paid,5/2/2022
867,31,Cash,Paid,2/7/2022
868,4,Cash,Paid,7/7/2022
869,57,E-Wallet,Unpaid,1/21/2022
870,33,E-Wallet,Unpaid,1/31/2022
871,9,QRIS,Unpaid,1/27/2022
872,14,E-Wallet,Paid,12/5/2022
873,8,Cash,Unpaid,10/15/2022
874,50,VA,Paid,8/12/2022
875,37,VA,Unpaid,5/4/2022
876,12,E-Wallet,Paid,11/6/2022
877,35,E-Wallet,Paid,3/16/2022
878,26,Cash,Paid,5/3/2022
879,21,QRIS,Unpaid,6/14/2022
880,51,E-Wallet,Unpaid,7/21/2022
881,23,Cash,Paid,7/5/2022
882,25,E-Wallet,Unpaid,12/2/2022
883,49,Cash,Unpaid,4/25/2022
884,56,QRIS,Paid,12/16/2022
885,20,VA,Unpaid,5/10/2022
886,8,VA,Unpaid,4/8/2022
887,46,Cash,Unpaid,7/13/2022
888,41,E-Wallet,Paid,12/4/2022
889,60,E-Wallet,Unpaid,12/15/2022
890,41,Cash,Paid,7/24/2022
891,45,Cash,Paid,2/7/2022
892,5,E-Wallet,Paid,4/16/2022
893,4,VA,Paid,12/22/2022
894,1,VA,Unpaid,8/21/2022
895,48,Cash,Unpaid,2/11/2022
896,54,VA,Paid,9/30/2022
897,35,QRIS,Paid,9/26/2022
898,13,E-Wallet,Unpaid,8/30/2022
899,56,E-Wallet,Unpaid,10/30/2022
900,3,E-Wallet,Unpaid,4/30/2022
901,22,QRIS,Paid,11/16/2022
902,21,QRIS,Paid,12/5/2022
903,39,VA,Unpaid,12/26/2022
904,54,QRIS,Paid,6/1/2022
905,25,QRIS,Unpaid,1/31/2022
906,15,QRIS,Paid,12/13/2022
907,55,E-Wallet,Unpaid,9/20/2022
908,52,QRIS,Paid,9/15/2022
909,53,VA,Unpaid,8/30/2022
910,22,E-Wallet,Paid,11/27/2022
911,59,QRIS,Paid,9/5/2022
912,13,VA,Paid,3/29/2022
913,4,E-Wallet,Unpaid,8/19/2022
914,5,Cash,Paid,4/28/2022
915,24,Cash,Paid,9/5/2022
916,33,VA,Paid,1/12/2022
917,5,QRIS,Paid,6/20/2022
918,14,QRIS,Paid,5/4/2022
919,59,E-Wallet,Unpaid,1/18/2022
920,37,E-Wallet,Paid,6/21/2022
921,60,QRIS,Paid,6/19/2022
922,35,E-Wallet,Paid,3/14/2022
923,43,QRIS,Paid,8/12/2022
924,47,E-Wallet,Unpaid,1/25/2022
925,53,VA,Paid,4/22/2022
926,50,Cash,Unpaid,4/3/2022
927,31,QRIS,Paid,6/21/2022
928,48,VA,Paid,5/7/2022
929,52,E-Wallet,Paid,12/20/2022
930,59,Cash,Unpaid,12/30/2022
931,33,E-Wallet,Unpaid,4/29/2022
932,21,QRIS,Unpaid,9/2/2022
933,28,Cash,Unpaid,4/18/2022
934,51,Cash,Unpaid,4/16/2022
935,21,E-Wallet,Unpaid,12/2/2022
936,49,VA,Paid,9/27/2022
937,60,Cash,Unpaid,5/19/2022
938,53,E-Wallet,Paid,1/10/2022
939,40,QRIS,Unpaid,6/5/2022
940,49,VA,Paid,2/23/2022
941,29,Cash,Paid,5/29/2022
942,32,VA,Paid,4/19/2022
943,55,VA,Unpaid,11/25/2022
944,7,Cash,Unpaid,11/1/2022
945,14,QRIS,Paid,12/7/2022
946,19,Cash,Unpaid,8/25/2022
947,43,Cash,Unpaid,6/1/2022
948,45,QRIS,Paid,9/2/2022
949,26,VA,Unpaid,12/13/2022
950,39,E-Wallet,Unpaid,6/7/2022
951,56,QRIS,Paid,10/27/2022
952,50,E-Wallet,Paid,4/23/2022
953,56,VA,Paid,10/28/2022
954,11,Cash,Paid,3/17/2022
955,1,E-Wallet,Unpaid,5/11/2022
956,18,VA,Unpaid,11/11/2022
957,24,QRIS,Unpaid,3/23/2022
958,21,VA,Unpaid,9/8/2022
959,50,VA,Paid,6/4/2022
960,54,QRIS,Paid,9/1/2022
961,31,VA,Unpaid,8/10/2022
962,17,E-Wallet,Paid,10/10/2022
963,5,QRIS,Paid,2/12/2022
964,45,Cash,Paid,2/13/2022
965,5,VA,Unpaid,8/29/2022
966,51,Cash,Paid,11/1/2022
967,18,Cash,Paid,9/3/2022
968,18,QRIS,Unpaid,6/26/2022
969,53,E-Wallet,Unpaid,1/9/2022
970,17,VA,Unpaid,7/7/2022
971,20,VA,Unpaid,11/15/2022
972,48,Cash,Paid,4/12/2022
973,52,QRIS,Unpaid,1/27/2022
974,4,QRIS,Paid,1/17/2022
975,41,VA,Unpaid,8/6/2022
976,3,Cash,Paid,9/11/2022
977,22,QRIS,Unpaid,3/17/2022
978,20,Cash,Unpaid,12/20/2022
979,35,Cash,Paid,2/21/2022
980,25,QRIS,Unpaid,9/14/2022
981,4,E-Wallet,Unpaid,9/21/2022
982,33,QRIS,Unpaid,2/8/2022
983,26,Cash,Paid,4/8/2022
984,9,Cash,Unpaid,12/6/2022
985,5,Cash,Unpaid,8/9/2022
986,55,QRIS,Paid,3/2/2022
987,44,VA,Paid,6/18/2022
988,15,QRIS,Paid,12/29/2022
989,22,E-Wallet,Unpaid,11/2/2022
990,53,Cash,Paid,9/11/2022
991,21,E-Wallet,Paid,3/14/2022
992,43,E-Wallet,Unpaid,3/26/2022
993,59,Cash,Paid,11/5/2022
994,42,Cash,Paid,4/10/2022
995,53,E-Wallet,Paid,11/22/2022
996,15,Cash,Unpaid,4/8/2022
997,54,E-Wallet,Unpaid,11/7/2022
998,48,VA,Unpaid,9/30/2022
999,17,QRIS,Paid,11/26/2022
1000,37,VA,Paid,9/25/2022
