order_id,user_id,branch_id,order_date,total_weight_kg,subtotal,discount,delivery_fee,status,total_amount
1,30,3,2026-08-01 00:00:00,2,50000,5000,10000,Processing,55000
2,4,2,2026-08-01 12:00:00,2,35000,0,5000,Completed,40000
3,14,1,2026-08-02 00:00:00,10,50000,5000,10000,Delivered,55000
4,16,3,2026-08-02 12:00:00,10,50000,0,10000,Delivered,60000
5,15,2,2026-08-03 00:00:00,5,70000,15000,5000,Processing,60000
6,8,3,2026-08-03 12:00:00,10,70000,10000,10000,Delivered,70000
7,14,3,2026-08-04 00:00:00,4,20000,5000,5000,Pending,20000
8,23,1,2026-08-04 12:00:00,8,20000,0,10000,Processing,30000
9,28,3,2026-08-05 00:00:00,7,35000,0,10000,Delivered,45000
10,25,1,2026-08-05 12:00:00,9,20000,0,5000,Processing,25000
11,30,3,2026-08-06 00:00:00,10,50000,5000,10000,Pending,55000
12,8,2,2026-08-06 12:00:00,6,70000,0,10000,Processing,80000
13,21,3,2026-08-07 00:00:00,2,20000,0,10000,Processing,30000
14,16,1,2026-08-07 12:00:00,4,20000,15000,10000,Processing,15000
15,13,1,2026-08-08 00:00:00,9,35000,15000,10000,Processing,30000
16,18,2,2026-08-08 12:00:00,7,100000,15000,5000,Pending,90000
17,15,3,2026-08-09 00:00:00,9,35000,15000,10000,Completed,30000
18,21,3,2026-08-09 12:00:00,10,50000,15000,5000,Processing,40000
19,24,2,2026-08-10 00:00:00,5,70000,15000,10000,Processing,65000
20,26,3,2026-08-10 12:00:00,2,35000,10000,5000,Delivered,30000
21,25,3,2026-08-11 00:00:00,2,20000,0,5000,Processing,25000
22,28,1,2026-08-11 12:00:00,5,70000,15000,10000,Delivered,65000
23,28,3,2026-08-12 00:00:00,8,70000,0,10000,Completed,80000
24,28,3,2026-08-12 12:00:00,3,20000,0,10000,Pending,30000
25,13,2,2026-08-13 00:00:00,4,35000,0,5000,Pending,40000
26,9,2,2026-08-13 12:00:00,2,20000,10000,10000,Completed,20000
27,29,1,2026-08-14 00:00:00,6,100000,15000,5000,Pending,90000
28,15,3,2026-08-14 12:00:00,2,70000,0,5000,Completed,75000
29,13,3,2026-08-15 00:00:00,9,85000,5000,5000,Completed,85000
30,1,3,2026-08-15 12:00:00,2,85000,0,10000,Completed,95000
31,25,1,2026-08-16 00:00:00,2,50000,10000,10000,Pending,50000
32,7,1,2026-08-16 12:00:00,3,20000,5000,5000,Delivered,20000
33,9,2,2026-08-17 00:00:00,3,20000,10000,5000,Completed,15000
34,24,1,2026-08-17 12:00:00,7,50000,0,10000,Processing,60000
35,1,3,2026-08-18 00:00:00,8,50000,5000,5000,Pending,50000
36,12,3,2026-08-18 12:00:00,6,50000,0,10000,Completed,60000
37,8,1,2026-08-19 00:00:00,2,70000,0,5000,Completed,75000
38,24,3,2026-08-19 12:00:00,2,100000,0,10000,Processing,110000
39,11,3,2026-08-20 00:00:00,4,20000,5000,5000,Delivered,20000
40,19,1,2026-08-20 12:00:00,3,70000,5000,10000,Delivered,75000
41,17,1,2026-08-21 00:00:00,6,50000,15000,5000,Delivered,40000
42,8,3,2026-08-21 12:00:00,7,20000,10000,10000,Completed,20000
43,3,3,2026-08-22 00:00:00,8,70000,15000,10000,Completed,65000
44,3,3,2026-08-22 12:00:00,5,100000,10000,5000,Completed,95000
45,1,2,2026-08-23 00:00:00,8,70000,15000,5000,Pending,60000
46,27,2,2026-08-23 12:00:00,9,100000,0,10000,Processing,110000
47,5,2,2026-08-24 00:00:00,2,50000,5000,5000,Completed,50000
48,10,1,2026-08-24 12:00:00,7,100000,0,10000,Processing,110000
49,7,2,2026-08-25 00:00:00,9,20000,10000,5000,Processing,15000
50,26,1,2026-08-25 12:00:00,6,50000,10000,10000,Delivered,50000
51,9,1,2026-08-26 00:00:00,5,20000,0,10000,Pending,30000
52,28,2,2026-08-26 12:00:00,3,85000,15000,10000,Completed,80000
53,7,2,2026-08-27 00:00:00,7,35000,10000,10000,Delivered,35000
54,9,2,2026-08-27 12:00:00,7,100000,0,10000,Delivered,110000
55,8,3,2026-08-28 00:00:00,2,35000,5000,10000,Completed,40000
56,12,2,2026-08-28 12:00:00,10,35000,0,5000,Processing,40000
57,2,3,2026-08-29 00:00:00,7,100000,5000,5000,Delivered,100000
58,1,1,2026-08-29 12:00:00,4,50000,10000,5000,Processing,45000
59,16,3,2026-08-30 00:00:00,5,85000,10000,10000,Pending,85000
60,23,2,2026-08-30 12:00:00,5,20000,0,10000,Processing,30000
