branch_id,branch_name,area_zone,address,latitude,longitude,phone
1,Ochoa Bintaro,Bintaro,2940 Steensland Plaza,54.0282094,48.329762,800-466-0903
2,Ochoa Bintaro,BSD,03058 Meadow Vale Lane,8.920465,125.008956,261-920-1257
3,Ochoa Bintaro,Pamulang,3442 Hallows Street,49.3431786,16.2159455,879-489-0391
4,Ochoa Pamulang,BSD,026 Hermina Crossing,36.7010563,118.9112031,259-426-8607
5,Ochoa Bintaro,Bintaro,8229 Westport Drive,15.6295505,120.5823532,732-575-1207
6,Ochoa Bintaro,Pamulang,5486 Debra Alley,-16.5625267,-41.8402054,265-464-3531
7,Ochoa Pamulang,Pamulang,9581 Hovde Court,25.387672,100.646607,888-700-6099
8,Ochoa BSD,Pamulang,8 Rieder Road,17.8768385,-76.5517132,361-363-3912
9,Ochoa BSD,Bintaro,830 School Center,41.5488297,-8.2639239,945-896-6099
10,Ochoa Pamulang,Bintaro,2209 Corry Street,-12.1450486,96.8217017,306-216-7546
11,Ochoa BSD,Bintaro,940 Blaine Junction,31.637714,119.716535,642-156-7374
12,Ochoa Pamulang,BSD,9 Golf Parkway,50.5774075,16.4967184,444-897-5668
13,Ochoa Pamulang,BSD,302 Stephen Road,31.689957,35.188236,386-930-6395
14,Ochoa BSD,Pamulang,424 Continental Junction,40.6390928,-8.5992965,374-630-8690
15,Ochoa Bintaro,BSD,158 Forster Plaza,31.051908,96.719767,649-107-0882
16,Ochoa Pamulang,BSD,6 Anzinger Road,48.7618689,14.732221,153-434-7648
17,Ochoa BSD,BSD,7 Holmberg Trail,32.4626078,50.1292303,582-620-4375
18,Ochoa Pamulang,BSD,27199 Bluestem Road,65.2958948,21.3194467,490-739-5627
19,Ochoa Pamulang,Bintaro,93723 Sullivan Pass,-6.8187124,106.947666,928-964-6749
20,Ochoa Bintaro,BSD,92769 Granby Park,-7.620317,112.3695412,135-986-8642
21,Ochoa Bintaro,BSD,2 Homewood Plaza,-8.463483,122.4438929,801-616-5043
22,Ochoa BSD,BSD,08 Hudson Road,39.9947462,116.3397725,245-400-3097
23,Ochoa BSD,BSD,1 Steensland Park,-7.0126061,108.6309228,172-220-8086
24,Ochoa BSD,BSD,7 Jenna Center,14.5618599,121.0130439,482-849-9034
25,Ochoa BSD,BSD,00 Lawn Center,25.387227,98.43503,335-389-9823
26,Ochoa Bintaro,BSD,76 Mayer Alley,50.91671,-102.80099,200-158-6822
27,Ochoa BSD,Bintaro,69 Knutson Drive,6.2958736,101.7296049,841-545-8102
28,Ochoa BSD,Bintaro,05207 Melvin Parkway,31.1206637,120.9061578,367-437-5779
29,Ochoa BSD,Bintaro,1400 Maple Trail,34.748256,113.61285,572-940-4656
30,Ochoa Bintaro,BSD,75947 Marquette Way,39.43806,127.24306,443-317-4924
31,Ochoa BSD,BSD,9 Montana Circle,28.901462,118.511235,815-583-6627
32,Ochoa BSD,Pamulang,20183 Hagan Alley,-11.883333,29.783333,435-374-1904
33,Ochoa BSD,BSD,0477 Aberg Road,27.8684314,-82.5270388,813-575-7174
34,Ochoa Pamulang,Bintaro,2470 Burrows Park,21.241735,-77.8267218,453-184-0132
35,Ochoa Pamulang,Pamulang,747 Badeau Crossing,33.888077,10.0975221,871-709-9930
36,Ochoa Pamulang,Pamulang,84 Kensington Center,38.42,-82.47,304-574-7562
37,Ochoa Bintaro,Bintaro,832 Autumn Leaf Crossing,51.4700683,16.6142027,339-422-1868
38,Ochoa Bintaro,BSD,9133 Knutson Way,-15.8142935,-42.227378,797-494-9426
39,Ochoa BSD,BSD,702 Namekagon Street,-12.066752,-77.038116,180-122-2839
40,Ochoa Pamulang,Bintaro,01 Pawling Point,36.266505,114.797389,608-725-6547
41,Ochoa Bintaro,BSD,475 Blaine Terrace,-45.9328639,-67.5573429,533-266-9629
42,Ochoa Bintaro,Pamulang,1 Sage Court,0.85526,99.564171,296-374-7928
43,Ochoa Pamulang,Bintaro,40349 Northland Circle,31.7579946,25.0792189,146-736-0069
44,Ochoa BSD,BSD,05 Northwestern Way,31.83889,94.43722,242-569-2015
45,Ochoa BSD,BSD,3 Moulton Trail,40.1675841,-8.4639317,461-369-9717
46,Ochoa Bintaro,BSD,31716 Bellgrove Parkway,-8.2849639,-35.9701874,218-212-9558
47,Ochoa BSD,Pamulang,0 Center Place,38.4193975,140.1609746,211-269-6195
48,Ochoa Pamulang,Bintaro,856 Bunker Hill Street,7.0241972,79.9020405,571-504-7308
49,Ochoa BSD,Pamulang,405 Melody Terrace,47.3362701,-1.5349069,536-133-9257
50,Ochoa BSD,Pamulang,7 Ramsey Plaza,25.600272,115.786056,133-369-5097
51,Ochoa Bintaro,BSD,950 Knutson Way,52.222333,104.022,435-929-8410
52,Ochoa Bintaro,BSD,7240 Toban Hill,-8.197451,112.6079459,460-823-9466
53,Ochoa Pamulang,Bintaro,19 Lotheville Court,-29.362503,-51.08671,964-232-5418
54,Ochoa Bintaro,BSD,59211 Walton Court,-42.7602412,-65.0604467,130-505-0291
55,Ochoa Bintaro,Pamulang,0505 Brentwood Circle,28.97844,117.151796,572-252-3495
56,Ochoa BSD,BSD,11091 Brown Circle,46.272878,102.7790303,569-897-8057
57,Ochoa BSD,Bintaro,992 Esch Pass,30.0689467,103.0991829,201-592-2309
58,Ochoa Pamulang,BSD,88152 Hintze Drive,63.8601923,23.4541136,414-673-9567
59,Ochoa BSD,Bintaro,6743 Jenna Crossing,-2.2233633,-80.958462,731-306-8631
60,Ochoa Bintaro,Pamulang,9 Gulseth Center,40.9109489,49.0729264,169-440-1373
61,Ochoa Bintaro,Bintaro,210 Stuart Park,23.9891132,-104.6751805,875-483-7639
62,Ochoa Pamulang,Pamulang,91316 Warbler Alley,59.4226704,17.8334683,645-697-4606
63,Ochoa Pamulang,Bintaro,21359 John Wall Plaza,14.6539775,121.0288525,932-526-6295
64,Ochoa Bintaro,Pamulang,446 Maple Pass,48.6169664,2.406265,532-529-6188
65,Ochoa Bintaro,Pamulang,185 Glendale Point,37.5096505,-8.0644068,591-409-9375
66,Ochoa Bintaro,Pamulang,6423 Towne Drive,-6.8843479,108.7927679,296-630-2121
67,Ochoa BSD,Pamulang,4 Oak Lane,31.746017,120.803452,486-172-8907
68,Ochoa Pamulang,Pamulang,7 Namekagon Drive,27.602752,107.709916,251-341-0955
69,Ochoa Pamulang,Pamulang,44095 Brentwood Parkway,47.6252225,0.277316,327-459-0266
70,Ochoa Bintaro,Pamulang,97 Schmedeman Lane,39.73287,98.494548,785-519-7243
71,Ochoa Bintaro,Pamulang,98245 Canary Center,-21.4909206,-47.37045,559-576-3709
72,Ochoa Pamulang,Pamulang,7804 Truax Parkway,-7.7325213,110.402376,728-356-9613
73,Ochoa Pamulang,Bintaro,23784 Scoville Street,24.44218,114.938684,137-387-3503
74,Ochoa Pamulang,Bintaro,306 Ronald Regan Avenue,49.7523172,18.1313741,890-646-8674
75,Ochoa BSD,Pamulang,358 Shelley Point,-21.2399347,-43.7764925,407-374-4153
76,Ochoa BSD,BSD,47 Farragut Center,34.326903,108.117456,721-354-0413
77,Ochoa BSD,Pamulang,0180 Heffernan Center,41.057857,23.6514405,917-337-9951
78,Ochoa Pamulang,BSD,0164 Westridge Court,-8.4702242,123.031062,778-178-0538
79,Ochoa BSD,Bintaro,34551 Lien Hill,24.732204,118.648066,391-857-3763
80,Ochoa Pamulang,BSD,35 Bunting Court,42.654146,122.749282,436-604-5617
81,Ochoa Bintaro,Pamulang,6 Sherman Plaza,39.9459413,116.3817634,607-107-9447
82,Ochoa Pamulang,Bintaro,12 Meadow Vale Junction,3.5981582,98.6824005,783-546-5766
83,Ochoa Pamulang,Pamulang,447 Ludington Avenue,-18.9745738,-49.4600885,328-959-4371
84,Ochoa Bintaro,Bintaro,7754 Pawling Alley,39.7887592,-8.0603988,536-370-9771
85,Ochoa Bintaro,Bintaro,20 Moulton Parkway,29.98784,107.621139,283-254-6764
86,Ochoa BSD,Pamulang,30126 Veith Circle,14.326195,-89.4505802,534-726-8171
87,Ochoa Pamulang,BSD,0658 Southridge Park,59.391109,17.8752481,540-625-8149
88,Ochoa BSD,Bintaro,2 Colorado Pass,5.1018417,6.8190224,766-994-7823
89,Ochoa Bintaro,BSD,38 Del Mar Road,34.348841,118.993664,684-356-6095
90,Ochoa Bintaro,Pamulang,7875 Ryan Terrace,8.7963805,117.8314494,620-736-7439
91,Ochoa BSD,Bintaro,68961 Ryan Alley,56.3103675,38.1016955,567-899-3104
92,Ochoa Bintaro,BSD,7 Del Mar Plaza,25.7829542,88.8982666,459-316-1449
93,Ochoa Bintaro,Pamulang,918 Service Place,27.5936542,120.5235118,872-900-5530
94,Ochoa Bintaro,Pamulang,36602 Hagan Trail,-6.8432007,107.612654,824-390-9595
95,Ochoa Pamulang,Bintaro,8 Welch Pass,31.219568,118.268101,440-239-0380
96,Ochoa Bintaro,Bintaro,11170 Kedzie Center,-6.2284889,106.9602906,804-337-7588
97,Ochoa BSD,Pamulang,10356 Swallow Plaza,34.728584,112.132488,177-674-2057
98,Ochoa Pamulang,Bintaro,81767 Blaine Park,37.22317,100.41617,736-612-7330
99,Ochoa Bintaro,Pamulang,91 Buell Terrace,-3.7300232,-40.9926511,884-949-7354
100,Ochoa Pamulang,BSD,84 Thierer Trail,-8.7223957,115.1767095,442-863-6280
101,Ochoa Pamulang,Pamulang,6532 Victoria Plaza,41.4884285,-8.6299298,173-489-9792
102,Ochoa Pamulang,BSD,58 Crowley Street,38.0162314,-8.6956768,501-371-9202
103,Ochoa BSD,Bintaro,0288 Loeprich Center,49.6475739,6.2573108,825-693-1872
104,Ochoa BSD,BSD,5600 Bowman Hill,59.3573204,16.4823589,626-244-8772
105,Ochoa Pamulang,BSD,246 Monument Parkway,53.6091856,31.9594674,806-940-4217
106,Ochoa Bintaro,BSD,346 Talmadge Terrace,13.4570619,123.6791749,545-142-6106
107,Ochoa Bintaro,Bintaro,62056 Thierer Junction,56.1747295,43.5299495,541-419-1059
108,Ochoa Bintaro,BSD,25821 Little Fleur Circle,31.2144668,121.4890556,443-976-5524
109,Ochoa BSD,Bintaro,4 Beilfuss Drive,30.753924,120.758543,689-292-9170
110,Ochoa Bintaro,BSD,5093 Portage Terrace,21.3057815,106.3846459,877-977-1580
111,Ochoa BSD,Bintaro,3793 Pond Trail,5.7650768,73.4106543,978-680-3295
112,Ochoa BSD,BSD,27674 Caliangt Court,50.0201,20.1093853,805-161-9712
113,Ochoa BSD,Pamulang,548 Loomis Street,13.9317086,99.7846002,315-933-5207
114,Ochoa Bintaro,BSD,2 Heffernan Alley,10.8088919,123.0428489,880-220-6497
115,Ochoa Bintaro,BSD,276 Messerschmidt Terrace,-7.3058984,111.9149875,647-603-9864
116,Ochoa BSD,BSD,50 Monument Parkway,31.364042,108.520914,313-577-2084
117,Ochoa BSD,BSD,24128 Kenwood Place,-6.7157242,111.1920959,966-755-4196
118,Ochoa Pamulang,BSD,2206 Montana Junction,8.7610161,-69.9371673,181-461-6390
119,Ochoa BSD,BSD,84 Graedel Circle,58.5560583,26.6261976,350-396-5363
120,Ochoa Bintaro,BSD,9947 Morrow Drive,-7.4704747,112.4401329,182-303-5861
121,Ochoa Pamulang,Pamulang,90 Bartillon Drive,51.167963,19.4883692,444-513-3789
122,Ochoa Bintaro,Bintaro,285 Upham Way,31.9500532,130.2373477,608-106-5361
123,Ochoa BSD,BSD,6462 Killdeer Junction,34.645233,119.248149,239-490-1435
124,Ochoa Bintaro,Bintaro,72 Evergreen Drive,0.3144046,32.9888319,979-471-3270
125,Ochoa Bintaro,Pamulang,084 Pine View Alley,37.280716,140.3354054,853-419-5408
126,Ochoa BSD,Pamulang,6201 Barnett Plaza,34.6330462,136.524372,605-620-9916
127,Ochoa Pamulang,Bintaro,566 Dovetail Court,56.1252914,86.0314623,960-184-1383
128,Ochoa Bintaro,BSD,62 Novick Trail,-6.8008183,107.1781769,725-931-3671
129,Ochoa Bintaro,BSD,5457 Welch Junction,49.6927765,75.5895888,708-784-2243
130,Ochoa Pamulang,BSD,71743 Mitchell Circle,-17.5982518,-67.5082709,737-544-9153
131,Ochoa BSD,Bintaro,477 Kipling Alley,-34.5006776,-58.8072561,194-738-8441
132,Ochoa BSD,Bintaro,5 Vermont Street,-18.8424187,-42.8247877,618-321-3083
133,Ochoa Pamulang,Pamulang,05 Milwaukee Junction,28.1562239,113.6293358,466-718-7896
134,Ochoa Bintaro,BSD,298 Graceland Crossing,38.070311,114.411459,495-354-8242
135,Ochoa Bintaro,Bintaro,1272 2nd Circle,-7.7595897,110.8344302,130-323-9774
136,Ochoa Pamulang,Bintaro,8211 Gerald Park,8.99214,105.19602,829-924-8553
137,Ochoa Bintaro,BSD,68 7th Circle,38.0117509,23.8548387,930-213-7720
138,Ochoa Bintaro,BSD,335 Grayhawk Trail,46.33854,124.04539,300-490-2701
139,Ochoa Bintaro,Pamulang,49 Kensington Avenue,3.1523104,101.7178316,102-923-7952
140,Ochoa Bintaro,Pamulang,2430 Stephen Pass,4.0892492,9.3146014,480-235-3871
141,Ochoa BSD,Bintaro,0 East Pass,54.8583596,44.1463438,292-624-8509
142,Ochoa Pamulang,Pamulang,4670 5th Place,51.8417492,5.8715134,991-343-3551
143,Ochoa BSD,Pamulang,51776 Golf Course Circle,11.0849336,39.7291837,780-417-3361
144,Ochoa Bintaro,Bintaro,33 Marquette Drive,55.4254871,13.7952433,268-509-2706
145,Ochoa Bintaro,Bintaro,97363 Haas Court,7.1849927,124.1839966,516-187-3457
146,Ochoa Bintaro,BSD,723 Mesta Trail,-12.3325,43.7775,355-170-1690
147,Ochoa Pamulang,Bintaro,5599 Mcguire Way,56.2995342,44.0013228,681-457-2861
148,Ochoa Pamulang,BSD,5 Mesta Way,35.15,-90.05,901-798-4929
149,Ochoa Pamulang,Pamulang,128 Pearson Way,10.265875,123.086276,814-550-3718
150,Ochoa BSD,Bintaro,27 Reindahl Street,28.214419,121.293705,840-466-3140
151,Ochoa Bintaro,Bintaro,48 Brentwood Hill,0.120863,117.4800445,323-475-0983
152,Ochoa BSD,BSD,49 Pine View Drive,52.6282252,18.727124,392-658-9867
153,Ochoa BSD,Bintaro,444 Pond Pass,18.2502129,-74.0968336,275-285-8053
154,Ochoa Bintaro,Pamulang,6911 Eliot Avenue,22.198745,113.543873,711-829-6102
155,Ochoa Pamulang,BSD,173 Pankratz Court,53.2121335,-6.1136478,791-282-1291
156,Ochoa Bintaro,Bintaro,8541 Kedzie Hill,48.8335842,2.3757659,144-990-8838
157,Ochoa Bintaro,Bintaro,057 Dwight Lane,18.8826771,-96.935003,395-870-4537
158,Ochoa BSD,BSD,8225 Bultman Pass,47.4430894,-122.327464,206-518-8277
159,Ochoa BSD,Bintaro,061 Chive Trail,30.289195,110.224358,776-442-4394
160,Ochoa Pamulang,Bintaro,75 Manley Pass,6.2716406,21.1950767,145-346-2555
161,Ochoa BSD,BSD,49882 Farmco Lane,52.6200204,81.239598,527-703-7784
162,Ochoa BSD,Bintaro,542 8th Circle,47.3860507,0.7236073,607-444-0315
163,Ochoa Bintaro,BSD,721 Steensland Street,-6.2746751,-79.6080967,291-427-9140
164,Ochoa BSD,Pamulang,6 Menomonie Lane,-8.4005782,113.7870822,267-469-5946
165,Ochoa Bintaro,BSD,0 Maple Road,50.0521348,16.0850004,925-956-6725
166,Ochoa Bintaro,Pamulang,89 Springs Junction,50.3781731,15.5447069,547-572-3034
167,Ochoa Pamulang,Bintaro,6928 Parkside Lane,4.9030522,114.939821,952-957-7860
168,Ochoa Pamulang,Pamulang,2280 Larry Place,-6.931773,113.600427,464-748-9350
169,Ochoa BSD,Pamulang,441 Maryland Way,43.7441795,2.511999,348-544-1370
170,Ochoa Pamulang,BSD,3802 Ridgeway Terrace,19.2874648,-99.6494479,299-795-0013
171,Ochoa BSD,BSD,8 Westerfield Street,30.63963,114.385538,414-436-1729
172,Ochoa Pamulang,Pamulang,79151 Arrowood Point,27.9676537,120.6344509,550-992-6900
173,Ochoa Bintaro,Pamulang,967 Buhler Pass,43.475292,43.61997,337-257-9541
174,Ochoa Pamulang,Pamulang,7170 Chinook Court,14.8297769,104.053676,948-760-8468
175,Ochoa Bintaro,Pamulang,78 Daystar Avenue,-12.9730966,-44.0199152,197-837-0968
176,Ochoa Bintaro,Pamulang,7809 Warrior Street,-7.6150611,108.4988269,675-761-4787
177,Ochoa Bintaro,Pamulang,30704 Graceland Hill,-8.7223957,115.1767095,670-317-0294
178,Ochoa Bintaro,BSD,6 Huxley Drive,36.706962,119.161748,473-371-7098
179,Ochoa Bintaro,BSD,364 Mendota Alley,38.235241,125.750504,996-798-0106
180,Ochoa BSD,Pamulang,7064 Becker Crossing,43.454956,4.946467,501-765-0136
181,Ochoa Pamulang,Bintaro,7 Leroy Hill,63.4741556,30.0475103,858-520-6857
182,Ochoa BSD,Bintaro,966 Corry Court,-17.5969817,-44.7267221,677-470-7019
183,Ochoa Pamulang,BSD,325 Dorton Crossing,50.122577,26.1149716,422-339-0095
184,Ochoa Bintaro,Pamulang,51950 Coolidge Park,49.243003,2.510652,159-942-9974
185,Ochoa Bintaro,Pamulang,39 Loomis Circle,28.430921,115.969683,234-220-0920
186,Ochoa Bintaro,BSD,03765 Gateway Crossing,30.2977417,30.9783805,947-657-2407
187,Ochoa Bintaro,Bintaro,38206 Chive Street,37.6533531,138.9099913,872-207-9169
188,Ochoa Bintaro,Pamulang,00475 Delaware Lane,38.708348,-9.2716405,583-796-4831
189,Ochoa Bintaro,BSD,784 North Street,13.6333332,122.8833313,880-891-3580
190,Ochoa BSD,Pamulang,81300 3rd Terrace,51.1749425,53.0211497,951-688-9328
191,Ochoa BSD,Pamulang,3391 Welch Terrace,39.5558392,2.5941239,653-556-4548
192,Ochoa Pamulang,Pamulang,622 Straubel Drive,2.582523,-75.4498009,450-779-3123
193,Ochoa Bintaro,Bintaro,18529 Eagle Crest Hill,35.939466,118.520324,449-811-8385
194,Ochoa Pamulang,Pamulang,2374 Helena Junction,16.0392291,103.7473053,961-969-3661
195,Ochoa Pamulang,Bintaro,4 Sage Trail,46.1417288,15.0844894,631-346-4286
196,Ochoa BSD,BSD,92 Dahle Lane,3.1523104,101.7178316,167-405-3715
197,Ochoa BSD,Pamulang,982 Mandrake Place,40.78276,43.80583,710-716-5829
198,Ochoa Bintaro,Bintaro,5386 Meadow Ridge Park,-24.1089373,-49.3356859,487-413-6621
199,Ochoa Pamulang,Pamulang,65 Lyons Court,-25.8700559,28.158466,988-993-5757
200,Ochoa Pamulang,BSD,49801 Gateway Park,0.490107,35.743418,759-187-2542
201,Ochoa BSD,Bintaro,528 Oakridge Avenue,8.303998,27.993441,801-928-2051
202,Ochoa Pamulang,Pamulang,04845 Garrison Road,48.3006708,4.0710348,738-519-9362
203,Ochoa BSD,Bintaro,8551 Walton Center,44.3338201,85.6264576,334-803-5114
204,Ochoa Bintaro,Pamulang,271 Donald Court,50.1191124,26.8281141,252-506-5111
205,Ochoa Pamulang,Bintaro,07 Clemons Road,23.24772,116.083951,598-736-8488
206,Ochoa BSD,Bintaro,5 Pennsylvania Court,47.443101,85.874096,972-908-4616
207,Ochoa Pamulang,Bintaro,13540 Paget Park,14.834691,120.78195,183-578-5410
208,Ochoa Bintaro,BSD,03962 Crowley Lane,-8.7433,121.7445,946-158-5364
209,Ochoa Bintaro,Bintaro,0 Grasskamp Alley,14.5659545,121.0065361,217-363-3546
210,Ochoa Pamulang,Pamulang,48 Glacier Hill Alley,3.2572094,-77.2864879,782-961-0892
211,Ochoa Bintaro,Bintaro,0070 Bartelt Street,-6.343448,106.2003019,708-462-2218
212,Ochoa Pamulang,BSD,7471 Lindbergh Lane,36.5389716,136.6033466,579-447-0424
213,Ochoa BSD,BSD,8 Pawling Plaza,16.5235265,102.0832543,778-198-9718
214,Ochoa BSD,Bintaro,99 Duke Park,48.73808,-69.08478,265-218-1733
215,Ochoa Pamulang,Bintaro,00442 Erie Street,59.943312,30.3512378,768-884-3033
216,Ochoa Bintaro,Pamulang,94 Lighthouse Bay Terrace,53.5830905,9.7537598,306-530-2146
217,Ochoa Pamulang,BSD,6287 Thierer Alley,49.4023766,20.3031211,955-154-1958
218,Ochoa Pamulang,Pamulang,1196 Loftsgordon Road,4.5831986,114.2212174,276-331-1063
219,Ochoa Pamulang,Bintaro,41031 David Parkway,7.20417,124.43972,177-887-2474
220,Ochoa Bintaro,Bintaro,643 Hauk Pass,54.2064439,17.6677767,152-602-4915
221,Ochoa BSD,BSD,1642 Golden Leaf Parkway,46.1055153,-64.8115713,704-464-1335
222,Ochoa Pamulang,BSD,27723 Monterey Hill,40.4304536,-3.7105118,914-953-3400
223,Ochoa Bintaro,BSD,99 Grasskamp Center,37.705473,22.7494193,476-311-4717
224,Ochoa Pamulang,Bintaro,28 Hintze Court,26.111545,88.7178035,544-562-0048
225,Ochoa BSD,BSD,1 Monterey Pass,2.0516556,173.2633123,635-342-6061
226,Ochoa Bintaro,Bintaro,64149 Fieldstone Way,-12.3446835,-75.8704611,398-955-8977
227,Ochoa BSD,BSD,9032 Hermina Avenue,46.6313635,38.6705832,616-679-8537
228,Ochoa Bintaro,Bintaro,0 Morningstar Plaza,47.4214312,92.2225067,464-143-3906
229,Ochoa Bintaro,Bintaro,3 Gale Court,42.6002262,46.5477914,111-971-6869
230,Ochoa Bintaro,BSD,114 Dahle Circle,23.184013,115.314535,396-293-4773
231,Ochoa Bintaro,BSD,19 Prentice Plaza,34.016449,64.5266446,373-423-3496
232,Ochoa Bintaro,Pamulang,38622 Pleasure Crossing,1.30198,124.913399,855-958-3617
233,Ochoa Bintaro,BSD,8851 Lake View Pass,51.7920503,56.3442985,558-142-8915
234,Ochoa BSD,Bintaro,72 Green Ridge Park,64.1754054,-51.7316065,612-347-3573
235,Ochoa Pamulang,Pamulang,44576 Gale Way,49.0525513,17.5271323,882-903-4437
236,Ochoa Bintaro,Bintaro,7 Novick Alley,56.975553,60.3645218,737-960-7194
237,Ochoa BSD,Pamulang,45 Arapahoe Center,10.6868176,-12.2490697,518-508-7829
238,Ochoa BSD,BSD,16 Summerview Circle,-10.1904527,123.6007574,976-673-8550
239,Ochoa Bintaro,Bintaro,509 Morrow Road,43.2261193,45.3885257,116-341-8052
240,Ochoa BSD,Pamulang,3 Jay Court,55.632969,37.4416961,732-708-9913
241,Ochoa Bintaro,BSD,9 Kensington Hill,-6.9322,113.0284,266-380-7581
242,Ochoa Bintaro,Pamulang,705 Independence Road,26.3841358,127.804829,565-790-9841
243,Ochoa BSD,Bintaro,8 Karstens Lane,47.6632745,1.206057,763-128-6172
244,Ochoa BSD,Pamulang,1 Northview Pass,19.4458447,-99.1497664,158-740-3127
245,Ochoa Bintaro,BSD,343 Eggendart Street,4.239304,-75.239679,282-401-3232
246,Ochoa Pamulang,Bintaro,7389 Kedzie Place,35.8515197,136.1957329,904-497-0472
247,Ochoa BSD,Pamulang,6 Paget Plaza,-33.4408815,-70.6516913,712-534-2319
248,Ochoa BSD,BSD,02756 Golden Leaf Hill,52.5485032,13.2385645,571-676-2475
249,Ochoa BSD,Pamulang,8249 Sunnyside Place,14.5265067,104.8888301,888-158-2226
250,Ochoa BSD,BSD,7526 Service Court,-7.4742776,112.6600907,532-471-3703
251,Ochoa Pamulang,Bintaro,34 Dunning Place,41.2,-111.98,801-955-2982
252,Ochoa Bintaro,Pamulang,7929 Corry Terrace,39.0063718,117.6852235,559-744-2546
253,Ochoa BSD,Pamulang,87 Donald Plaza,19.3579802,-99.0806088,407-512-0378
254,Ochoa BSD,BSD,040 Talisman Circle,14.2647129,121.0062678,551-779-0104
255,Ochoa Pamulang,BSD,90715 Huxley Street,39.6048507,-7.9965492,696-404-2272
256,Ochoa Pamulang,BSD,87101 Summit Park,-6.3207152,-47.7834888,491-810-0506
257,Ochoa Pamulang,Pamulang,43 8th Terrace,48.1440135,11.6074275,749-590-1073
258,Ochoa BSD,Bintaro,2959 Lyons Junction,30.0781136,102.7319467,605-312-7386
259,Ochoa Bintaro,BSD,59431 Havey Circle,32.5483419,120.4520149,583-823-9616
260,Ochoa BSD,BSD,12 Duke Junction,29.67832,109.144929,326-165-5699
261,Ochoa BSD,Pamulang,1226 Darwin Junction,14.8670094,-88.7722444,299-606-1682
262,Ochoa Bintaro,Bintaro,85890 Reindahl Court,15.444313,-61.444406,213-668-4438
263,Ochoa BSD,BSD,89298 Messerschmidt Center,37.4056028,139.7874841,970-676-3745
264,Ochoa Pamulang,Bintaro,52340 Hoard Plaza,13.4956,123.289,453-343-1043
265,Ochoa Pamulang,Bintaro,36687 Forster Drive,28.2279,118.036796,353-380-0266
266,Ochoa Pamulang,BSD,15 Village Green Terrace,50.1468784,15.4675081,129-756-0114
267,Ochoa BSD,Bintaro,25897 Clove Alley,14.5030429,121.0524334,950-538-6158
268,Ochoa Bintaro,Bintaro,22784 Pierstorff Avenue,38.6332265,-9.1624406,993-454-8281
269,Ochoa Bintaro,Pamulang,97065 American Junction,50.99206,121.05843,827-457-6495
270,Ochoa Bintaro,Pamulang,77486 Dapin Plaza,30.8908344,61.680106,549-924-6446
271,Ochoa Pamulang,Pamulang,1380 Scoville Street,-7.0250344,113.5758261,362-911-9349
272,Ochoa Pamulang,BSD,1217 Melvin Point,-21.2335652,-45.2325476,496-433-7637
273,Ochoa Bintaro,Pamulang,7292 Del Mar Plaza,22.5493001,114.1250751,382-689-1896
274,Ochoa BSD,Bintaro,29064 Old Gate Court,23.105394,113.874335,912-883-4647
275,Ochoa BSD,Bintaro,90728 Mifflin Pass,41.764145,123.465921,368-374-2318
276,Ochoa Bintaro,Bintaro,311 Nevada Point,-6.1834101,106.8245155,658-959-0741
277,Ochoa Bintaro,BSD,4 Lukken Junction,36.6366667,109.5533333,734-527-7095
278,Ochoa Pamulang,Pamulang,39467 Harper Lane,27.7703677,-82.6356732,727-781-2013
279,Ochoa Bintaro,Bintaro,9332 Prentice Center,-6.8980327,106.8945456,359-614-5338
280,Ochoa Bintaro,Bintaro,38 Ilene Crossing,-25.5657319,-57.2875097,585-930-7616
281,Ochoa BSD,Pamulang,48578 Arkansas Hill,-9.38948,119.75371,426-629-1231
282,Ochoa BSD,Pamulang,96 Hermina Way,19.2996147,-81.1099536,282-640-9384
283,Ochoa BSD,Bintaro,564 Donald Lane,29.657856,116.30275,862-304-1789
284,Ochoa Pamulang,Pamulang,44 Lien Terrace,9.9518,123.9622,424-752-0023
285,Ochoa BSD,Pamulang,9534 Spohn Street,16.6678009,120.3841382,170-942-0568
286,Ochoa Pamulang,BSD,889 Red Cloud Parkway,-8.0433348,113.0762954,309-372-8132
287,Ochoa Bintaro,Bintaro,8 Schiller Pass,39.086569,117.314323,270-308-6488
288,Ochoa BSD,Pamulang,62 Fairview Plaza,35.86166,104.195397,278-855-6616
289,Ochoa Bintaro,BSD,73510 Gale Circle,59.8621021,17.6271867,311-571-2685
290,Ochoa BSD,Bintaro,3576 Loftsgordon Center,-8.3864643,123.2293021,230-595-1700
291,Ochoa Pamulang,BSD,9 Bay Hill,24.546876,107.04219,234-255-6093
292,Ochoa Pamulang,Bintaro,59357 Leroy Alley,40.6027503,22.9896482,784-680-3243
293,Ochoa BSD,Pamulang,9 Hovde Street,-12.0442537,-75.2535192,830-796-7669
294,Ochoa BSD,Bintaro,80 Namekagon Parkway,31.3188393,45.2806177,201-196-2084
295,Ochoa BSD,Bintaro,09 Lien Pass,54.3562129,17.5647322,262-424-7215
296,Ochoa Pamulang,Bintaro,90 Quincy Street,30.274084,120.15507,214-809-6925
297,Ochoa Bintaro,Bintaro,12 Fordem Point,39.109563,117.223371,682-607-3347
298,Ochoa Pamulang,Bintaro,9 Moulton Crossing,22.276022,114.1751471,453-681-0961
299,Ochoa BSD,Pamulang,209 Anhalt Pass,4.2886233,-76.0623979,384-632-5433
300,Ochoa Bintaro,BSD,26131 Roth Circle,-8.2202049,111.4708135,766-702-4006
301,Ochoa BSD,Bintaro,9 Waywood Pass,46.2394709,15.2867417,999-113-3117
302,Ochoa Pamulang,BSD,55 Maple Wood Trail,53.9096,37.736,300-678-6416
303,Ochoa Bintaro,BSD,747 Orin Drive,9.029518,1.4168974,749-830-4390
304,Ochoa Pamulang,Pamulang,6 Armistice Court,38.8563576,-104.6995991,719-422-5674
305,Ochoa BSD,Pamulang,181 Gateway Place,53.340959,83.777896,467-420-3171
306,Ochoa Pamulang,Pamulang,367 Hermina Park,24.3482735,116.6988851,223-702-5376
307,Ochoa BSD,Pamulang,94913 Maryland Parkway,-10.0036656,-38.5690418,439-242-7157
308,Ochoa BSD,Bintaro,9189 Springs Plaza,35.4441266,136.3420789,948-992-7774
309,Ochoa Pamulang,BSD,87502 Garrison Point,62.1556927,45.1181602,575-928-4561
310,Ochoa BSD,Bintaro,5960 Thompson Street,-28.5757953,-70.7571009,622-470-2216
311,Ochoa Bintaro,BSD,01 Michigan Center,46.083333,103.833333,609-408-3099
312,Ochoa Bintaro,Bintaro,798 Cardinal Court,-6.4185424,106.8502879,566-360-2361
313,Ochoa BSD,Pamulang,3 Nova Trail,48.6277459,2.4381665,700-176-8948
314,Ochoa BSD,Pamulang,9829 Bunker Hill Drive,-34.6091049,-58.7005845,865-154-9236
315,Ochoa Bintaro,BSD,9070 Manley Circle,31.975951,35.853029,484-904-9525
316,Ochoa BSD,Bintaro,89531 Harper Terrace,48.1552902,-1.7123278,945-915-6171
317,Ochoa BSD,Bintaro,611 Anzinger Drive,16.0641802,108.1873407,663-845-8534
318,Ochoa Pamulang,BSD,29 Monument Street,14.5609722,121.0224008,656-575-8699
319,Ochoa BSD,Pamulang,19738 Boyd Pass,31.18248,35.69999,311-941-6008
320,Ochoa BSD,Pamulang,47 Fair Oaks Center,8.853929,-75.281155,280-405-0524
321,Ochoa Pamulang,Bintaro,7 Ridgeway Crossing,43.3667218,-72.3412362,775-342-6212
322,Ochoa Pamulang,BSD,00 Toban Trail,37.1408036,-8.8622841,783-403-9051
323,Ochoa BSD,Bintaro,2 Anniversary Hill,-7.0465148,108.4602464,322-375-7228
324,Ochoa Pamulang,Bintaro,5 Cordelia Point,31.181726,121.426376,762-537-3298
325,Ochoa Pamulang,BSD,8 Vahlen Junction,-14.0648657,-42.4858867,262-555-4656
326,Ochoa BSD,Bintaro,48 Shopko Point,34.349487,107.997326,604-293-0564
327,Ochoa Pamulang,Bintaro,5 Rieder Crossing,52.1683034,31.997424,916-162-3233
328,Ochoa Pamulang,BSD,84075 Old Gate Terrace,37.9759033,22.9774589,521-117-3157
329,Ochoa BSD,BSD,3283 Goodland Junction,31.927317,35.299468,784-260-1020
330,Ochoa Pamulang,BSD,158 Haas Terrace,34.395562,113.740529,241-107-2738
331,Ochoa BSD,Pamulang,3 Manitowish Pass,48.8357169,2.2754517,881-477-0857
332,Ochoa BSD,Bintaro,6229 Kings Hill,30.0814376,66.9622545,854-837-4418
333,Ochoa BSD,BSD,6008 Tony Center,25.112046,99.161761,272-143-0555
334,Ochoa Pamulang,Pamulang,8406 Duke Plaza,50.1757487,27.0559924,277-678-7865
335,Ochoa BSD,Pamulang,3941 Menomonie Lane,29.000347,101.507294,604-761-5366
336,Ochoa BSD,Bintaro,8 Corry Terrace,10.6868176,-12.2490697,137-764-6460
337,Ochoa Bintaro,Bintaro,4664 Dixon Way,40.2947998,72.1860386,281-708-7944
338,Ochoa Pamulang,Bintaro,8080 Manitowish Place,29.355908,109.671458,364-106-3922
339,Ochoa BSD,Pamulang,597 Magdeline Street,34.5403537,-4.8015285,739-663-2041
340,Ochoa BSD,Bintaro,0771 Main Point,38.062428,114.645657,506-103-5867
341,Ochoa Pamulang,Bintaro,7 Grayhawk Avenue,35.47,-97.52,405-920-9904
342,Ochoa Bintaro,Bintaro,76451 Kenwood Plaza,33.868434,113.054801,203-477-8551
343,Ochoa Pamulang,Pamulang,32198 Twin Pines Park,43.9142905,12.4208642,837-866-4013
344,Ochoa BSD,Bintaro,7 Spenser Alley,34.897887,108.945019,500-972-4625
345,Ochoa BSD,Bintaro,22 Longview Court,23.790902,114.946019,789-773-6309
346,Ochoa Bintaro,Pamulang,3 Fordem Circle,40.9539,45.61942,888-598-5459
347,Ochoa Pamulang,BSD,054 Kim Way,22.5638303,114.1388306,362-502-5438
348,Ochoa Bintaro,Bintaro,5396 Shopko Avenue,-26.113239,28.3505779,605-516-9427
349,Ochoa Bintaro,Bintaro,25762 Memorial Drive,40.5341079,70.9309024,984-114-3512
350,Ochoa Pamulang,Bintaro,5 Sloan Alley,36.6796146,136.8617092,850-863-8029
351,Ochoa Bintaro,Pamulang,75 Golf Crossing,24.042666,114.345641,410-476-3071
352,Ochoa BSD,BSD,9375 Butternut Alley,-7.7629501,112.7271303,779-984-6484
353,Ochoa Bintaro,BSD,74 Ohio Alley,7.20312,124.796217,171-210-3608
354,Ochoa BSD,BSD,1 Crowley Place,-7.0031703,112.545369,288-366-1591
355,Ochoa BSD,BSD,1 Kipling Park,37.751853,128.8760574,862-410-0451
356,Ochoa Pamulang,BSD,199 Blackbird Avenue,-15.7311162,-41.5212742,191-349-3546
357,Ochoa Pamulang,Pamulang,101 Huxley Street,23.7318903,-99.1502962,906-552-0679
358,Ochoa BSD,Bintaro,152 Sheridan Way,35.84026,65.2309,697-648-9408
359,Ochoa Pamulang,Pamulang,5 Maple Wood Trail,-31.946337,-65.180261,354-193-8755
360,Ochoa Pamulang,Pamulang,67428 Sloan Road,27.888284,111.6502,689-891-0475
361,Ochoa Bintaro,Bintaro,770 Thierer Junction,43.236229,94.324152,357-239-2476
362,Ochoa Pamulang,Bintaro,7 Sachs Drive,45.70734,5.534063,841-769-1013
363,Ochoa Bintaro,BSD,70702 Coolidge Alley,40.794611,114.8869194,304-932-9524
364,Ochoa Pamulang,Pamulang,40 Everett Way,29.8867778,-95.549054,440-923-6136
365,Ochoa Pamulang,BSD,824 Clarendon Court,51.3383504,12.3634475,372-165-3199
366,Ochoa Bintaro,Bintaro,918 Elmside Center,28.871569,105.44174,633-776-7115
367,Ochoa Pamulang,BSD,9 West Parkway,29.654838,91.140552,474-395-3307
368,Ochoa BSD,Pamulang,3051 Russell Avenue,14.647587,-89.728235,432-934-2206
369,Ochoa Bintaro,Pamulang,20972 Iowa Place,32.4322509,74.5809328,316-602-6191
370,Ochoa BSD,Bintaro,75 Armistice Plaza,11.2666664,123.7333298,290-613-3827
371,Ochoa Bintaro,Bintaro,44194 Shopko Plaza,18.507532,-69.8492398,495-916-6477
372,Ochoa BSD,Bintaro,101 Eagle Crest Junction,23.269131,114.524679,583-576-4268
373,Ochoa BSD,Bintaro,1 David Plaza,6.4946003,124.1086807,889-907-9993
374,Ochoa Pamulang,BSD,87689 Luster Street,-6.8081501,106.6645007,225-446-9321
375,Ochoa Bintaro,BSD,301 West Junction,39.9535181,44.5519782,498-895-4564
376,Ochoa BSD,Bintaro,0704 Darwin Street,49.9454719,21.8376406,916-956-8171
377,Ochoa BSD,Pamulang,647 Almo Pass,38.2509637,23.6954977,116-279-5722
378,Ochoa Pamulang,Bintaro,0 Leroy Circle,28.39895,113.02064,644-116-0139
379,Ochoa BSD,BSD,362 Old Shore Parkway,48.4703688,24.2784263,750-720-4594
380,Ochoa Bintaro,Bintaro,37 Atwood Road,41.5129877,-8.0907412,660-689-8648
381,Ochoa BSD,BSD,0 Center Hill,16.3100898,120.9524145,361-970-7227
382,Ochoa Bintaro,Pamulang,03658 Village Drive,54.3749589,60.0069111,165-469-9956
383,Ochoa BSD,Bintaro,1 Lunder Park,13.292049,19.6907146,874-490-7503
384,Ochoa Pamulang,BSD,0 Thierer Crossing,-31.4856187,-64.2353879,245-559-9348
385,Ochoa BSD,BSD,3103 Sutherland Trail,31.5255021,45.2009362,537-619-0167
386,Ochoa BSD,Pamulang,5527 Anderson Terrace,36.23472,128.57278,451-939-8732
387,Ochoa Pamulang,Pamulang,95 Lawn Point,53.9208518,19.0295929,657-123-1401
388,Ochoa Bintaro,Bintaro,3161 Annamark Junction,47.49714,96.80311,396-139-2992
389,Ochoa BSD,BSD,5819 Browning Avenue,8.1620514,-12.4351923,200-191-0421
390,Ochoa Bintaro,Bintaro,9682 Sundown Lane,-7.5002292,107.9739244,161-309-7361
391,Ochoa BSD,Pamulang,1585 South Crossing,11.0855409,7.7199454,277-886-7204
392,Ochoa BSD,Pamulang,38601 Roth Terrace,49.3359789,20.1084256,111-757-9655
393,Ochoa BSD,BSD,5812 Veith Way,-6.614938,120.43382,566-437-0947
394,Ochoa Bintaro,BSD,29632 Dorton Trail,24.348365,105.759939,896-622-1236
395,Ochoa Pamulang,BSD,2 Bunting Trail,37.9578061,22.8039689,700-622-9070
396,Ochoa BSD,Pamulang,4818 Toban Court,8.3412493,-77.2175223,779-619-4635
397,Ochoa Pamulang,Bintaro,696 Scoville Circle,42.7751413,59.6122792,689-935-2426
398,Ochoa Pamulang,BSD,9052 Hauk Trail,8.4478637,-65.3807101,324-401-0062
399,Ochoa Bintaro,BSD,06 Crescent Oaks Way,-23.144255,-64.325272,468-291-0368
400,Ochoa Bintaro,Pamulang,3534 Morning Avenue,-8.1885372,112.3665609,717-854-5013
401,Ochoa BSD,BSD,559 Schmedeman Junction,22.879493,116.061522,577-317-0773
402,Ochoa Bintaro,Bintaro,95987 Laurel Terrace,43.3831419,17.592739,387-753-0238
403,Ochoa BSD,Bintaro,166 Hintze Hill,49.829369,19.6728793,707-549-5789
404,Ochoa Bintaro,Pamulang,1466 Donald Center,39.1441,117.158719,246-898-3866
405,Ochoa Bintaro,Pamulang,11 Roxbury Place,27.569678,116.63704,386-339-0068
406,Ochoa Pamulang,BSD,67526 Pearson Plaza,39.982718,117.078294,634-496-6437
407,Ochoa BSD,Bintaro,52940 American Junction,10.7006857,106.3228338,482-117-9163
408,Ochoa BSD,Pamulang,522 Eagle Crest Drive,0.0319573,-78.1507423,506-324-8803
409,Ochoa Pamulang,Bintaro,73 Portage Center,52.199771,21.14523,244-920-8422
410,Ochoa Bintaro,BSD,307 Raven Hill,37.9098504,-84.4172666,859-976-3395
411,Ochoa Bintaro,Bintaro,423 Blaine Crossing,16.4498,107.5623501,263-890-7894
412,Ochoa Pamulang,Bintaro,78165 Buhler Alley,50.0105928,12.624753,961-870-4315
413,Ochoa Pamulang,Bintaro,2586 Bartillon Parkway,50.4734865,2.9394741,971-661-8730
414,Ochoa BSD,Bintaro,2777 Alpine Park,28.0990178,-15.4203257,991-475-6222
415,Ochoa BSD,Pamulang,9 Sloan Center,39.585229,117.238073,505-663-6213
416,Ochoa BSD,Pamulang,43111 Tomscot Avenue,7.9045188,4.3051542,859-979-5771
417,Ochoa BSD,Bintaro,7444 Anzinger Circle,35.7017899,59.8468432,327-814-3548
418,Ochoa Pamulang,BSD,522 Hudson Street,44.691336,129.696957,807-197-4592
419,Ochoa BSD,Bintaro,9107 Arapahoe Plaza,23.6755934,88.980176,995-998-5022
420,Ochoa BSD,Pamulang,292 Onsgard Lane,55.6819119,37.7795228,258-183-0757
421,Ochoa Bintaro,Bintaro,877 Merry Alley,47.9848822,23.9117575,376-518-7231
422,Ochoa Pamulang,Pamulang,5 Grim Trail,-36.8537995,174.7573811,246-321-9117
423,Ochoa Bintaro,BSD,22802 Menomonie Circle,37.6729124,-7.4966456,515-567-4723
424,Ochoa Pamulang,Bintaro,2 Rutledge Terrace,-9.1015826,160.147069,705-394-0955
425,Ochoa Bintaro,BSD,90055 Waubesa Plaza,40.5854765,49.6317411,508-465-2974
426,Ochoa Bintaro,Bintaro,6 Kim Hill,56.5201848,34.9410177,607-388-3284
427,Ochoa Bintaro,BSD,6 Northfield Plaza,28,86.3,265-506-4219
428,Ochoa BSD,Bintaro,0 Burrows Crossing,35.1379343,33.1323409,133-950-0021
429,Ochoa BSD,BSD,9406 Bluejay Trail,49.6617223,22.1053444,571-312-4063
430,Ochoa Pamulang,BSD,3 Oak Crossing,31.2570292,121.492796,308-301-5934
431,Ochoa Pamulang,BSD,3 Huxley Center,-23.0939881,-45.6964547,968-381-9366
432,Ochoa Bintaro,BSD,5083 Brentwood Circle,46.575883,129.85086,734-208-8180
433,Ochoa Bintaro,Pamulang,41034 Namekagon Street,40.9050121,-8.437181,526-321-7019
434,Ochoa Bintaro,Bintaro,32 Del Sol Crossing,25.9369686,-81.5596427,239-331-8403
435,Ochoa BSD,Bintaro,99 Scoville Place,35.17835,67.68758,562-143-9357
436,Ochoa BSD,BSD,51 Grim Avenue,33.8181422,-117.9009893,714-530-3041
437,Ochoa BSD,Pamulang,2 Prentice Circle,54.4900421,59.5853599,200-925-1921
438,Ochoa Bintaro,BSD,042 Bartillon Alley,53.9804128,27.6670286,977-404-5296
439,Ochoa BSD,Bintaro,575 Northridge Terrace,-11.9784745,-77.0593319,522-739-1599
440,Ochoa BSD,BSD,4128 Warrior Avenue,-6.976504,114.1112351,737-586-8847
441,Ochoa BSD,BSD,903 Brentwood Alley,56.246131,12.8726986,753-284-2785
442,Ochoa Pamulang,Pamulang,73670 Gina Avenue,37.5165459,140.9330205,601-351-1260
443,Ochoa BSD,BSD,75 Tomscot Lane,50.1381207,30.7373521,442-880-9454
444,Ochoa BSD,Pamulang,6 Bayside Plaza,61.5003351,21.8474164,954-152-5391
445,Ochoa Pamulang,Bintaro,819 Hauk Hill,34.0661547,134.1688885,352-333-0299
446,Ochoa BSD,Pamulang,8 Kropf Parkway,34.540852,109.44096,540-193-9568
447,Ochoa Bintaro,Bintaro,40 Dakota Park,4.4529473,126.7496264,201-814-1746
448,Ochoa BSD,Bintaro,450 Cardinal Terrace,59.6313435,39.72516,270-618-8221
449,Ochoa Bintaro,BSD,11 Talisman Street,16.1169002,102.7020218,787-906-5529
450,Ochoa Pamulang,BSD,907 Mayfield Street,34.749864,106.137293,552-639-8345
451,Ochoa BSD,BSD,05 Colorado Park,48.7720518,2.4921227,860-131-7378
452,Ochoa Pamulang,BSD,77779 Banding Drive,35.872664,120.04619,102-685-2548
453,Ochoa Pamulang,Bintaro,77 Pine View Center,45.7198309,15.909036,912-593-9996
454,Ochoa Bintaro,Bintaro,1 Redwing Park,8.3412493,-77.2175223,723-859-4609
455,Ochoa BSD,Pamulang,36923 Sherman Junction,31.260046,107.526896,179-569-7305
456,Ochoa Bintaro,Bintaro,46164 Oriole Alley,18.4670158,-69.8932436,415-675-4873
457,Ochoa Pamulang,Pamulang,48163 Becker Plaza,36.6753224,136.7483601,920-938-9398
458,Ochoa BSD,BSD,29 Beilfuss Lane,-7.6832323,110.670528,777-795-1424
459,Ochoa BSD,Pamulang,1 Oak Valley Crossing,39.822507,109.963338,244-252-1237
460,Ochoa BSD,Bintaro,08 Rusk Park,56.0058358,71.5005566,179-117-0060
461,Ochoa Bintaro,Pamulang,06884 Sommers Center,-28.5349691,-63.8241184,251-385-2473
462,Ochoa BSD,BSD,6421 Linden Trail,34.749864,106.137293,346-696-5559
463,Ochoa BSD,Pamulang,87 Karstens Terrace,-34.6091049,-58.7005845,288-145-9752
464,Ochoa Pamulang,BSD,20 Amoth Lane,44.3983211,17.940625,963-412-8590
465,Ochoa Bintaro,BSD,78128 Fuller Terrace,39.079722,117.17443,155-916-8444
466,Ochoa BSD,BSD,37693 Reinke Place,5.5249526,7.4922407,464-102-8862
467,Ochoa Pamulang,BSD,32 Northland Circle,30.7532224,31.442761,516-469-1449
468,Ochoa BSD,Pamulang,357 Mcbride Junction,38.30647,28.266799,892-139-5343
469,Ochoa BSD,BSD,28 Warrior Junction,56.8408003,42.5992867,619-919-7805
470,Ochoa Bintaro,Bintaro,792 Mockingbird Road,39.2956209,44.5141851,910-422-5984
471,Ochoa Pamulang,Bintaro,1245 Quincy Park,42.5246357,87.5395855,528-277-2988
472,Ochoa Pamulang,BSD,367 Lotheville Road,-7.0370275,108.2496145,129-573-0831
473,Ochoa Bintaro,Pamulang,29 Morningstar Junction,29.3781872,121.9194335,772-332-1682
474,Ochoa Bintaro,BSD,2849 Calypso Lane,59.9336282,30.6609232,523-276-5837
475,Ochoa BSD,BSD,608 Chinook Junction,9.2209606,-74.4028287,459-521-7748
476,Ochoa BSD,Pamulang,644 Farragut Trail,26.82808,114.835777,912-450-1282
477,Ochoa Bintaro,Pamulang,5591 Ruskin Pass,56.1597869,37.9891132,849-323-0572
478,Ochoa BSD,Bintaro,605 Westend Place,-15.6014109,-56.0978917,719-428-0769
479,Ochoa Bintaro,BSD,84 Bowman Alley,17.9092223,102.220463,886-761-6728
480,Ochoa BSD,Bintaro,43125 Michigan Trail,45.9501067,17.2326521,279-569-1959
481,Ochoa Bintaro,BSD,17492 Fairfield Road,34.814591,109.629628,927-490-8768
482,Ochoa BSD,Bintaro,727 Red Cloud Junction,38.0852204,23.738064,764-558-8015
483,Ochoa Pamulang,BSD,98 Manufacturers Terrace,65.8261477,21.7037935,141-600-6985
484,Ochoa BSD,Pamulang,67390 Esch Park,4.4725348,97.9756343,533-246-9234
485,Ochoa Pamulang,Bintaro,4694 1st Drive,28.628189,117.117138,183-886-5571
486,Ochoa Pamulang,Pamulang,749 Hoffman Center,30.262907,84.475645,846-292-7961
487,Ochoa Pamulang,Bintaro,1 Ohio Hill,27.895558,115.455558,357-374-1284
488,Ochoa Pamulang,Pamulang,3194 4th Court,57.7069317,11.9727803,815-414-0117
489,Ochoa BSD,BSD,06065 Hoard Drive,32.910459,119.85254,182-373-2232
490,Ochoa Bintaro,Pamulang,54 Laurel Road,35.3158333,80.9158333,649-297-1379
491,Ochoa Pamulang,BSD,25142 Fallview Road,-27.3777068,-55.9237269,702-716-8802
492,Ochoa Bintaro,Bintaro,08 Spenser Road,33.6634952,112.6061178,491-277-1263
493,Ochoa Pamulang,Bintaro,24958 Dottie Point,51.752684,36.1522509,473-991-6278
494,Ochoa BSD,BSD,92 Armistice Center,7.470498,-73.203211,641-592-6145
495,Ochoa Pamulang,Pamulang,2690 Morning Circle,51.5141668,-0.1331854,885-847-6139
496,Ochoa Bintaro,BSD,6 Badeau Pass,37.0514525,25.4982396,257-694-9324
497,Ochoa Bintaro,Pamulang,2529 Prairie Rose Road,40.638059,-8.7470806,333-470-1675
498,Ochoa BSD,Pamulang,2560 Glendale Circle,29.9905062,120.594551,932-101-3724
499,Ochoa BSD,Pamulang,8007 Milwaukee Drive,14.6230693,120.9964652,164-957-0098
500,Ochoa Pamulang,Bintaro,57286 Hayes Center,-6.8762522,109.6795545,878-803-2445
501,Ochoa Pamulang,BSD,02197 Sherman Place,32.935752,104.692473,561-600-2873
502,Ochoa Pamulang,BSD,155 Barby Junction,-11.22075,-75.4694285,492-910-7329
503,Ochoa Pamulang,BSD,04 Waubesa Crossing,-5.6353028,-35.4210417,314-483-3127
504,Ochoa Bintaro,Pamulang,3263 Eastwood Point,-8.47089,117.4996816,756-589-3782
505,Ochoa Bintaro,BSD,7572 1st Junction,19.4805668,-99.2058279,275-457-1739
506,Ochoa Bintaro,Bintaro,7 Dawn Drive,63.4327941,10.4032837,474-543-6750
507,Ochoa Bintaro,Pamulang,436 Dunning Hill,32.0188765,35.881947,778-387-2915
508,Ochoa Pamulang,Pamulang,775 Blaine Hill,21.1962199,105.5708865,977-701-8313
509,Ochoa Bintaro,BSD,438 Myrtle Road,5.341352,-75.730957,335-579-7418
510,Ochoa BSD,BSD,257 Randy Crossing,-20.9969938,-63.3933089,533-879-6351
511,Ochoa BSD,Pamulang,82 Dorton Trail,-2.2268901,-80.8593845,630-144-4457
512,Ochoa Bintaro,BSD,651 Miller Park,1.2061176,31.8164031,522-846-2427
513,Ochoa Bintaro,Pamulang,7321 Pennsylvania Place,32.756417,21.7376178,186-323-1560
514,Ochoa BSD,Pamulang,00366 Erie Pass,22.826877,107.840624,349-667-4477
515,Ochoa Pamulang,Pamulang,7927 West Court,53.7966603,27.7949868,916-423-7800
516,Ochoa Bintaro,Bintaro,27898 Acker Trail,14.1281138,-87.2543702,471-626-6680
517,Ochoa BSD,Bintaro,8101 Banding Junction,-15.6469053,-49.4466005,453-321-3351
518,Ochoa Pamulang,Pamulang,0383 Barby Road,38.8248475,-9.2968812,999-267-6998
519,Ochoa BSD,Bintaro,757 Reinke Park,23.1243988,113.2475087,547-245-1183
520,Ochoa Pamulang,BSD,0103 Superior Circle,26.486589,111.909579,322-372-6837
521,Ochoa Pamulang,Pamulang,5 Lindbergh Point,-6.97632,109.471802,953-383-9758
522,Ochoa Bintaro,Bintaro,29 Dawn Pass,52.182304,-8.9342111,170-290-4997
523,Ochoa Bintaro,Pamulang,1 Loomis Circle,16.7949714,-99.3883874,216-424-6480
524,Ochoa Bintaro,Bintaro,3333 Sunnyside Park,18.298838,109.156279,807-786-5467
525,Ochoa Pamulang,BSD,2120 Blaine Hill,14.2445365,-16.2728091,217-869-1845
526,Ochoa BSD,Pamulang,92265 Leroy Center,55.2474741,24.7743055,591-294-6169
527,Ochoa Pamulang,Bintaro,55787 1st Alley,-7.1841565,108.3652973,118-761-7423
528,Ochoa BSD,Pamulang,9743 Holmberg Park,35.1001601,137.554138,450-641-6596
529,Ochoa BSD,Pamulang,5236 Golden Leaf Road,-3.971033,-41.6809724,887-606-5471
530,Ochoa Pamulang,Pamulang,62 Sachs Hill,28.109598,116.527871,664-688-1317
531,Ochoa Pamulang,Pamulang,88129 Summer Ridge Street,47.3591366,2.8002946,353-807-4909
532,Ochoa Bintaro,BSD,3 Anhalt Circle,15.0431944,108.5700636,290-359-3561
533,Ochoa BSD,Bintaro,1 Hanson Park,-6.5000633,107.7428952,424-140-6458
534,Ochoa BSD,Bintaro,57 Reinke Way,-23.7981763,-48.5962748,723-235-8445
535,Ochoa BSD,Pamulang,38 Melrose Way,3.251528,-76.229027,172-171-6425
536,Ochoa Bintaro,Pamulang,568 Vidon Avenue,55.5039231,46.3984938,578-591-9764
537,Ochoa BSD,Bintaro,4 Prairieview Street,9.9037751,4.4053497,866-225-3691
538,Ochoa Bintaro,Bintaro,284 Bunker Hill Pass,-29.5482451,30.4048541,501-649-8630
539,Ochoa Bintaro,Bintaro,36528 Northfield Park,18.41253,122.133225,250-294-2706
540,Ochoa Pamulang,Bintaro,69856 Dakota Place,3.1523104,101.7178316,843-181-2730
541,Ochoa Bintaro,Pamulang,706 Farmco Plaza,47.4861398,-1.7442022,808-356-7321
542,Ochoa Bintaro,Pamulang,675 Maywood Street,-7.4394897,109.2251697,350-438-5017
543,Ochoa Pamulang,BSD,42 Brown Parkway,-8.6060882,116.1114976,762-933-7025
544,Ochoa Pamulang,Pamulang,50402 Hintze Center,54.760117,17.5563117,927-108-1575
545,Ochoa BSD,Pamulang,80451 Prairie Rose Court,34.391746,49.1904301,702-617-2074
546,Ochoa BSD,BSD,7 Milwaukee Way,35.6131551,-97.6385368,405-512-6037
547,Ochoa Bintaro,Bintaro,49923 Autumn Leaf Street,45.2280258,16.5396362,759-572-5299
548,Ochoa BSD,Bintaro,41 Hallows Road,40.3516608,-7.0895241,672-119-5701
549,Ochoa Pamulang,BSD,03 Porter Trail,38.4618994,-9.1029917,162-119-1087
550,Ochoa Bintaro,Pamulang,510 Grover Court,30.402167,112.899762,945-243-2495
551,Ochoa BSD,Pamulang,4658 Golf Way,29.866917,118.403786,557-988-7299
552,Ochoa Pamulang,BSD,72 Hollow Ridge Parkway,-2.6896767,141.2998457,216-790-7119
553,Ochoa BSD,BSD,11142 Blackbird Road,-7.5231833,-77.9710098,136-300-1819
554,Ochoa Bintaro,Pamulang,49070 Daystar Place,16.5409974,121.563879,651-700-3861
555,Ochoa Bintaro,BSD,82 Anderson Alley,-35.229035,173.94869,726-884-1215
556,Ochoa Bintaro,Bintaro,23775 Harper Drive,37.219543,122.117995,196-866-0054
557,Ochoa BSD,Pamulang,75801 Ronald Regan Drive,19.782027,-99.0598732,948-934-2741
558,Ochoa Bintaro,BSD,097 Talisman Center,-8.0273556,113.7513827,491-345-1384
559,Ochoa BSD,Bintaro,34718 Transport Terrace,-6.8364154,111.1980575,366-906-6359
560,Ochoa Bintaro,Pamulang,0002 Dryden Parkway,30.045109,120.249049,734-151-6892
561,Ochoa Pamulang,BSD,377 Carberry Park,-8.4813579,122.9634852,961-109-7299
562,Ochoa Bintaro,Pamulang,575 Maywood Road,40.807399,44.4970268,775-502-9212
563,Ochoa BSD,Pamulang,2 Parkside Road,50.5624395,14.297845,380-212-3745
564,Ochoa BSD,Bintaro,41 Loeprich Road,26.015959,116.602435,509-281-0844
565,Ochoa Pamulang,Bintaro,6 Redwing Junction,41.5047902,-8.4776032,177-805-3801
566,Ochoa Bintaro,Bintaro,642 Atwood Lane,26.6519555,49.9123454,703-265-9425
567,Ochoa BSD,Pamulang,53 Brickson Park Pass,48.69682,2.567685,138-856-5111
568,Ochoa Pamulang,Bintaro,6 Hanover Road,31.753884,118.565462,825-360-0804
569,Ochoa Pamulang,Pamulang,66556 Arizona Circle,-6.3943,105.9495,985-557-0318
570,Ochoa Pamulang,Bintaro,2 Cordelia Street,31.9754756,-106.4170311,915-568-7988
571,Ochoa Bintaro,Bintaro,28 Rigney Terrace,48.9154732,16.8550346,609-635-4532
572,Ochoa Pamulang,Pamulang,76987 Golf View Lane,45.551643,-73.1932647,924-201-9363
573,Ochoa Bintaro,BSD,9 Lyons Point,23.020673,113.751799,271-227-4800
574,Ochoa Pamulang,BSD,7 Towne Drive,45.3168,-75.0826,195-275-8568
575,Ochoa Pamulang,Pamulang,844 Shopko Trail,43.3564826,17.7458559,993-373-0931
576,Ochoa BSD,BSD,969 Saint Paul Place,8.0599142,-6.1898262,981-701-5108
577,Ochoa Bintaro,Bintaro,8217 Linden Junction,17.5385975,120.6662294,289-838-8568
578,Ochoa Pamulang,Pamulang,9 Autumn Leaf Point,16.13422,101.04465,595-537-4425
579,Ochoa Bintaro,Pamulang,873 Farwell Drive,30.912302,95.604143,687-839-0026
580,Ochoa BSD,Pamulang,2 Haas Lane,-24.1973637,-65.2994788,296-167-7573
581,Ochoa Bintaro,Pamulang,8942 Morning Parkway,12.9029999,123.2470016,959-114-3810
582,Ochoa Bintaro,Pamulang,8548 Northwestern Street,-15.3745452,167.8138553,120-685-2666
583,Ochoa Pamulang,BSD,67 Messerschmidt Avenue,-8.0075658,-35.0221895,107-926-5234
584,Ochoa BSD,Pamulang,3340 Kingsford Trail,32.123667,35.018481,453-594-6472
585,Ochoa BSD,BSD,329 Blue Bill Park Plaza,-34.3042878,-57.2310521,655-371-8184
586,Ochoa Bintaro,Bintaro,38251 Grasskamp Center,-0.532915,166.944141,399-802-9331
587,Ochoa Bintaro,BSD,52 Green Way,-1.9,115.3,397-757-3098
588,Ochoa Bintaro,BSD,8028 Haas Terrace,-8.637081,-77.068703,759-558-4171
589,Ochoa Bintaro,Bintaro,5 Brickson Park Circle,-7.5519782,110.7867474,475-124-8565
590,Ochoa Bintaro,Bintaro,9 Gina Crossing,-11.0646689,-37.4894776,505-612-4486
591,Ochoa Pamulang,BSD,91760 Paget Place,5.746649,-75.977569,433-178-3180
592,Ochoa Bintaro,Pamulang,883 Elka Street,51.8792137,39.5849504,288-429-6965
593,Ochoa Pamulang,Pamulang,863 Bowman Lane,33.8297993,46.3073161,728-552-2199
594,Ochoa BSD,Pamulang,2 Melrose Road,4.8980694,119.8492473,729-786-3157
595,Ochoa Pamulang,Bintaro,1411 Corscot Drive,-21.7972251,-50.879763,674-883-5672
596,Ochoa Pamulang,BSD,701 Rutledge Lane,-10.8778699,26.5963713,185-454-1530
597,Ochoa Pamulang,Bintaro,37 Rutledge Court,-8.1774335,-49.4466005,591-832-1152
598,Ochoa BSD,Bintaro,51 Mcguire Place,13.5923622,-14.6354631,884-967-0203
599,Ochoa BSD,Pamulang,492 Bay Parkway,37.8315403,127.5098827,748-211-1152
600,Ochoa Pamulang,Pamulang,3698 Bay Junction,25.315243,119.090741,703-919-6618
601,Ochoa Pamulang,Bintaro,5513 Pond Road,50.3539017,14.4817813,270-757-5988
602,Ochoa Pamulang,BSD,40008 Linden Drive,30.2638032,102.8054753,360-114-0402
603,Ochoa Bintaro,Pamulang,30182 Cardinal Drive,-3.3186067,114.5943784,227-800-1578
604,Ochoa Pamulang,Bintaro,5428 Haas Park,-44.7299187,-72.6822812,880-705-2718
605,Ochoa Pamulang,Pamulang,47236 Alpine Point,36.276526,109.351019,584-510-8508
606,Ochoa Pamulang,Bintaro,689 Killdeer Place,37.9380499,22.836589,207-999-3945
607,Ochoa Pamulang,BSD,1 Lawn Trail,-25.7782129,28.142569,911-434-8233
608,Ochoa BSD,Pamulang,6 Commercial Terrace,9.82511,169.31065,905-281-4944
609,Ochoa Bintaro,Bintaro,75194 Oriole Drive,2.394682,98.4403573,803-382-1796
610,Ochoa BSD,Bintaro,130 Dennis Terrace,21.9588282,96.0891032,163-534-9848
611,Ochoa BSD,Pamulang,461 Eagle Crest Avenue,48.39302,-77.23951,865-118-9748
612,Ochoa Pamulang,Pamulang,7269 Bay Parkway,30.958308,112.194147,173-100-1609
613,Ochoa Pamulang,BSD,86360 Iowa Road,14.5792342,120.9965883,635-405-2385
614,Ochoa BSD,Pamulang,1 Service Park,11.1856085,124.9202302,530-840-9030
615,Ochoa BSD,Bintaro,01502 Banding Circle,48.8693156,2.3501981,524-659-8575
616,Ochoa Pamulang,Pamulang,25 Laurel Circle,22.9567445,115.5856047,262-179-3366
617,Ochoa Pamulang,Bintaro,59 Valley Edge Road,30.07728,103.848396,122-430-8576
618,Ochoa BSD,Pamulang,93449 Loeprich Place,38.0230869,23.8724272,221-797-0978
619,Ochoa BSD,Pamulang,1 Transport Court,39.982718,117.078294,606-754-5479
620,Ochoa Pamulang,Pamulang,5 North Place,41.4741215,-8.3134809,892-654-9949
621,Ochoa Bintaro,Pamulang,39 Mitchell Place,-7.4250762,108.2822389,931-483-7901
622,Ochoa Bintaro,BSD,313 Arizona Point,53.0641593,38.0521393,356-277-5142
623,Ochoa Pamulang,BSD,1495 Rockefeller Terrace,49.6633939,6.1317337,656-720-0588
624,Ochoa Bintaro,Bintaro,9552 Bunting Center,43.1298714,45.5357156,766-780-7514
625,Ochoa Pamulang,BSD,1 Morningstar Point,53.2853393,18.9435626,631-415-0226
626,Ochoa BSD,Bintaro,177 Di Loreto Parkway,32.7476492,-97.0924899,682-398-2401
627,Ochoa BSD,Bintaro,191 La Follette Circle,-0.6311749,100.1192169,573-961-0426
628,Ochoa BSD,Pamulang,45217 Magdeline Trail,2.3380025,9.8194682,478-785-5683
629,Ochoa Bintaro,Pamulang,9401 Sunnyside Avenue,22.141482,113.83012,110-132-3672
630,Ochoa Bintaro,Pamulang,548 Saint Paul Center,39.765701,118.412764,837-358-9241
631,Ochoa Pamulang,Pamulang,3 Grayhawk Hill,5.033333,23.25,678-130-2879
632,Ochoa Bintaro,Bintaro,7034 Oak Valley Street,51.898029,21.6132509,218-603-0807
633,Ochoa BSD,Pamulang,05305 Scott Way,55.0385549,55.9861219,501-246-5884
634,Ochoa Bintaro,Bintaro,409 Pennsylvania Way,42.2020702,25.3248541,559-640-3233
635,Ochoa Pamulang,Bintaro,79 Pond Street,-7.0961619,108.3771645,660-549-6056
636,Ochoa Pamulang,Bintaro,1896 Aberg Way,12.6972323,7.1682514,786-852-5974
637,Ochoa Bintaro,Bintaro,9703 Emmet Road,-14.16568,-72.658867,791-418-5212
638,Ochoa BSD,Pamulang,68 Service Center,31.566634,112.279737,635-199-8784
639,Ochoa Pamulang,Bintaro,794 Dovetail Trail,-15.0705872,-57.1882847,988-360-5178
640,Ochoa Pamulang,Pamulang,20 Donald Crossing,-5.6202503,-78.4695111,774-220-6914
641,Ochoa Pamulang,Bintaro,15283 Larry Pass,14.6014622,-91.6087417,254-514-9568
642,Ochoa Pamulang,Bintaro,4728 Fallview Way,29.2031708,25.5195451,912-266-6898
643,Ochoa BSD,Bintaro,93873 Rutledge Crossing,25.3902138,69.7414118,436-161-2328
644,Ochoa Bintaro,Pamulang,6 Linden Junction,13.7850134,100.4959857,777-211-5574
645,Ochoa BSD,Bintaro,936 Declaration Parkway,15.5406754,37.8777561,256-912-5280
646,Ochoa Bintaro,Pamulang,16750 Mayer Junction,26.5502644,37.9678652,257-750-7494
647,Ochoa Bintaro,Pamulang,21 Dawn Hill,57.8282585,28.2416397,924-260-6456
648,Ochoa BSD,Pamulang,846 Crownhardt Hill,14.6822054,121.0676438,617-113-6610
649,Ochoa Pamulang,Pamulang,35 Golf Avenue,40.7084699,72.8781322,608-467-9894
650,Ochoa BSD,BSD,63743 Corry Circle,63.24072,29.2518185,139-922-2156
651,Ochoa Pamulang,Pamulang,870 Pine View Court,-8.3654775,113.5371368,849-671-5020
652,Ochoa Bintaro,Pamulang,55 Clyde Gallagher Terrace,43.0429124,1.9038837,795-901-9037
653,Ochoa Pamulang,Bintaro,118 Manufacturers Avenue,56.2208485,51.0782323,818-999-0117
654,Ochoa Pamulang,BSD,162 Clyde Gallagher Crossing,14.7292218,121.051001,951-432-5270
655,Ochoa BSD,Bintaro,058 Melby Center,44.0803302,15.1873478,491-881-5188
656,Ochoa Bintaro,Pamulang,922 Blackbird Lane,61.549558,23.5960975,886-447-0900
657,Ochoa Pamulang,BSD,829 Schmedeman Place,34.363184,107.237743,217-290-9019
658,Ochoa BSD,Pamulang,7 Coleman Parkway,33.8989467,35.4733996,947-952-3363
659,Ochoa BSD,Pamulang,78 Union Place,27.062407,108.739519,962-690-5165
660,Ochoa Bintaro,Pamulang,83 Dwight Trail,60.1536833,15.196697,334-446-8727
661,Ochoa BSD,BSD,981 Carey Park,55.9309486,-3.1859102,597-466-5379
662,Ochoa Pamulang,Pamulang,84 Raven Pass,52.4977237,20.5022109,877-327-1305
663,Ochoa Pamulang,BSD,040 Barby Road,49.387383,1.0839961,223-842-5183
664,Ochoa Pamulang,Pamulang,45412 Kensington Terrace,-7.026967,-37.2776539,993-817-5895
665,Ochoa BSD,BSD,6525 Bluestem Circle,55.354135,40.297852,760-393-4597
666,Ochoa Bintaro,Pamulang,73 Crownhardt Hill,53.8638922,34.4574753,926-519-5747
667,Ochoa Pamulang,Pamulang,4835 Shopko Terrace,-8.2219,113.0597,990-585-5751
668,Ochoa Bintaro,Bintaro,4 Bowman Lane,3.2572094,-77.2864879,860-443-3204
669,Ochoa Bintaro,Bintaro,544 Dottie Trail,-7.6849238,108.5017948,137-244-3869
670,Ochoa BSD,Bintaro,9 Onsgard Point,51.6571864,35.6783297,127-408-0904
671,Ochoa Pamulang,Pamulang,58 Graceland Point,39.0063718,117.6852235,409-357-4362
672,Ochoa BSD,Bintaro,55351 Montana Lane,31.282641,120.392977,623-847-3933
673,Ochoa BSD,Bintaro,384 Anniversary Plaza,21.241735,-77.8267218,814-935-7259
674,Ochoa BSD,Pamulang,1 Golf Course Place,62.5262505,17.4368205,994-258-0299
675,Ochoa Bintaro,Bintaro,80 Independence Junction,49.0720139,142.049308,710-974-9144
676,Ochoa Bintaro,Bintaro,1178 Fordem Center,53.6179245,109.6396262,336-445-9344
677,Ochoa Bintaro,Pamulang,34729 Westerfield Place,29.236985,110.66263,961-229-0754
678,Ochoa Bintaro,Bintaro,642 Longview Way,25.797931,110.011238,363-675-1490
679,Ochoa BSD,Bintaro,15 Fair Oaks Point,41.8404241,23.485653,873-996-3085
680,Ochoa BSD,BSD,4153 Arkansas Point,14.5919106,121.0228804,114-243-5183
681,Ochoa Pamulang,BSD,15 Brentwood Trail,49.1571976,-123.1152602,403-549-0235
682,Ochoa BSD,Bintaro,7378 Nelson Center,62.4070944,17.2494041,776-371-6454
683,Ochoa Bintaro,Bintaro,12311 East Crossing,13.1089876,-59.4706823,689-323-9476
684,Ochoa BSD,BSD,07 Meadow Vale Point,43.4146453,22.1271404,857-144-0413
685,Ochoa BSD,Bintaro,563 Steensland Place,18.5769276,100.2151578,881-995-2136
686,Ochoa Bintaro,Pamulang,27 Florence Road,58.2721251,54.2388504,394-829-7057
687,Ochoa Bintaro,Bintaro,1851 Melvin Alley,5.409158,-73.295881,878-670-2666
688,Ochoa Bintaro,BSD,77 Rieder Terrace,30.677233,121.015142,570-677-8446
689,Ochoa Bintaro,Bintaro,16 Grasskamp Place,16.5662,121.263,882-666-0198
690,Ochoa Bintaro,Bintaro,009 Chinook Lane,23.365556,116.70345,450-740-3702
691,Ochoa BSD,Pamulang,1295 Ruskin Point,51.8433045,15.6903444,640-854-3518
692,Ochoa BSD,BSD,66623 Mcbride Road,13.5336211,-14.7695962,663-829-6473
693,Ochoa Pamulang,Pamulang,1547 Moose Point,41.7856407,19.6721146,787-178-9042
694,Ochoa Bintaro,Pamulang,0 Sachtjen Terrace,43.1905743,3.0057099,172-802-3173
695,Ochoa BSD,Pamulang,5514 Paget Avenue,42.16964,22.11617,786-414-6550
696,Ochoa Bintaro,Pamulang,19976 Dorton Parkway,-6.406039,106.899566,726-761-8295
697,Ochoa Bintaro,Pamulang,5351 Elgar Park,48.6277459,2.4381665,488-826-4034
698,Ochoa Bintaro,Bintaro,9798 Union Court,42.52056,130.39528,982-534-5541
699,Ochoa Bintaro,Pamulang,7359 Bay Pass,-28.8999222,27.8750976,205-521-0768
700,Ochoa Pamulang,Bintaro,79075 Grover Center,41.811711,97.030217,888-485-0009
701,Ochoa Pamulang,Pamulang,7 Westerfield Lane,12.3772165,-85.6698146,265-371-2494
702,Ochoa BSD,Bintaro,728 Towne Trail,51.8971298,17.7805434,139-394-9783
703,Ochoa BSD,Bintaro,69311 Tennessee Lane,28.491356,112.615076,865-548-0892
704,Ochoa BSD,Pamulang,8 Dryden Center,-8.401854,114.118103,864-333-6107
705,Ochoa Pamulang,Bintaro,85626 Norway Maple Street,30.720497,120.26727,628-643-1080
706,Ochoa Bintaro,BSD,79 Havey Street,-29.7516119,-50.013964,918-100-6707
707,Ochoa BSD,Pamulang,77 Gerald Lane,-2.5123017,28.8480284,397-323-6584
708,Ochoa Pamulang,BSD,32170 Fair Oaks Hill,48.9728482,8.4060268,677-303-9135
709,Ochoa Pamulang,Pamulang,7 Fairview Parkway,33.8781886,-117.5731991,951-546-5280
710,Ochoa BSD,Bintaro,81 Nancy Drive,33.8013678,72.9003298,819-112-3855
711,Ochoa BSD,Bintaro,682 Bluestem Drive,-7.5557614,111.4469654,101-291-7492
712,Ochoa Bintaro,Bintaro,7416 Grim Hill,53.2625544,19.826521,395-322-8096
713,Ochoa Bintaro,BSD,61986 Farmco Trail,38.0134548,22.7275436,952-838-5411
714,Ochoa Pamulang,Pamulang,11 Graceland Hill,39.930195,114.746256,517-637-9479
715,Ochoa Bintaro,Pamulang,1 Barnett Drive,-6.987312,110.389141,138-823-9134
716,Ochoa BSD,Bintaro,8201 Troy Pass,48.7438842,-0.5692441,180-626-3296
717,Ochoa Bintaro,Pamulang,1 Onsgard Pass,-32.9508446,-60.7032578,797-398-7091
718,Ochoa BSD,BSD,8 Pennsylvania Alley,43.7441795,2.511999,426-872-4862
719,Ochoa Bintaro,Pamulang,1994 Merrick Point,49.8905368,2.3081396,970-485-8069
720,Ochoa Bintaro,BSD,935 Elmside Court,38.430793,100.812859,815-746-7888
721,Ochoa BSD,BSD,87829 Walton Road,9.2485489,12.4495221,863-985-9936
722,Ochoa BSD,Pamulang,3 Ridgeview Avenue,-8.2307484,113.2998705,871-291-8550
723,Ochoa BSD,Pamulang,27 Cardinal Road,52.644,25.2027,960-512-1893
724,Ochoa Pamulang,BSD,225 Anthes Hill,40.9676726,126.5990916,509-364-5523
725,Ochoa Bintaro,Bintaro,04183 Knutson Point,13.4254522,99.9590822,793-295-4042
726,Ochoa Pamulang,BSD,0 Little Fleur Plaza,30.352134,114.720925,433-851-0550
727,Ochoa Pamulang,Pamulang,13 Kennedy Park,15.5106977,104.7264617,634-417-6353
728,Ochoa Pamulang,BSD,4 Lakewood Place,-21.0945791,55.2455558,263-624-6420
729,Ochoa Bintaro,Pamulang,479 Brentwood Park,25.130594,109.768451,261-346-3856
730,Ochoa Bintaro,BSD,7 Elka Crossing,45.2977605,2.5135985,551-969-7150
731,Ochoa BSD,Pamulang,5352 Nobel Pass,38.92,-76.99,202-172-7596
732,Ochoa Pamulang,Bintaro,666 Manitowish Avenue,45.7873408,126.7075176,685-318-8283
733,Ochoa Bintaro,Bintaro,319 Nova Center,45.2114093,-72.7399622,621-913-3150
734,Ochoa BSD,Bintaro,67725 Meadow Valley Street,-22.2592565,-50.9706116,950-997-0661
735,Ochoa Bintaro,BSD,8298 Shasta Hill,-22.8521905,-46.3160679,154-421-7841
736,Ochoa Bintaro,Pamulang,24218 Vidon Trail,50.188406,18.598769,689-592-1124
737,Ochoa BSD,Bintaro,55735 Boyd Parkway,34.646636,103.48159,725-809-0052
738,Ochoa Pamulang,Pamulang,34 Goodland Hill,37.3081316,67.9821714,622-545-4090
739,Ochoa Bintaro,Pamulang,53 Hermina Place,41.741781,-7.4731648,235-983-6677
740,Ochoa BSD,BSD,07 Harbort Road,14.9398,33.234,276-457-6271
741,Ochoa BSD,Pamulang,8 Northwestern Place,14.7342524,121.0702642,732-940-5457
742,Ochoa Pamulang,BSD,6760 Lotheville Terrace,30.4338104,31.0564425,328-427-7389
743,Ochoa Bintaro,BSD,6282 Northwestern Avenue,47.440449,19.1700809,741-718-7902
744,Ochoa Bintaro,Pamulang,8028 American Hill,-8.4669233,118.5389414,887-590-9489
745,Ochoa BSD,Bintaro,71 Kinsman Circle,28.80901,120.26121,257-547-2292
746,Ochoa BSD,Bintaro,97 Onsgard Center,55.9167676,37.8297426,465-941-7352
747,Ochoa Pamulang,BSD,93824 Delladonna Pass,-8.0604,111.5793,670-331-8417
748,Ochoa BSD,Bintaro,709 Green Crossing,45.97927,-81.9248,115-295-4646
749,Ochoa BSD,BSD,3264 Rigney Way,49.8060262,36.0503448,302-660-1706
750,Ochoa BSD,Pamulang,22 Dahle Center,41.0832289,-7.8225565,921-232-5784
751,Ochoa Bintaro,Bintaro,9413 Cambridge Circle,47.8075,40.107778,689-202-1888
752,Ochoa Bintaro,Bintaro,37485 Gina Place,45.1454871,17.6789782,495-373-3594
753,Ochoa BSD,Pamulang,2432 Gale Court,7.079604,-74.699095,854-414-1265
754,Ochoa Bintaro,Pamulang,38 7th Road,53.1891447,158.3871557,546-823-0564
755,Ochoa BSD,BSD,96 Derek Place,-8.2922696,120.4415242,625-110-7041
756,Ochoa Pamulang,Pamulang,6 Loomis Junction,-10.5852663,-75.4053367,328-685-1139
757,Ochoa Bintaro,Pamulang,034 Declaration Drive,35.6977766,9.1456153,881-730-3714
758,Ochoa BSD,Pamulang,026 Esker Point,36.003739,106.287781,412-968-6740
759,Ochoa Bintaro,Bintaro,682 Golden Leaf Circle,10.8026827,105.1960795,692-372-7794
760,Ochoa BSD,Bintaro,7 Meadow Vale Crossing,37.646108,120.477813,665-592-1353
761,Ochoa BSD,Pamulang,64097 Sachtjen Avenue,48.6140715,2.4739044,530-270-0402
762,Ochoa Bintaro,BSD,92318 Elgar Alley,53.3655256,-6.3077823,736-842-6461
763,Ochoa Pamulang,Pamulang,24312 Summit Hill,-20.1379319,57.527801,782-567-3744
764,Ochoa Pamulang,BSD,4369 Waywood Drive,0.995919,103.4295033,995-483-2002
765,Ochoa BSD,Bintaro,86 Briar Crest Crossing,59.3370396,17.9575718,195-350-3469
766,Ochoa Pamulang,Bintaro,554 Bunker Hill Drive,41.5220136,111.7047656,640-163-4114
767,Ochoa BSD,Bintaro,3 Summit Street,45.559393,-73.907613,234-730-4133
768,Ochoa BSD,Bintaro,21 Mitchell Road,52.6446193,19.0339855,650-453-6216
769,Ochoa BSD,Pamulang,4081 Gateway Trail,38.9388075,100.4436203,499-691-7413
770,Ochoa Pamulang,Bintaro,9 Ludington Place,-29.6216078,-50.534262,265-951-4596
771,Ochoa Bintaro,BSD,279 Southridge Crossing,35.9924294,140.6177909,490-477-2045
772,Ochoa BSD,Bintaro,03566 Crownhardt Alley,14.6473171,121.0006616,980-125-8622
773,Ochoa BSD,Bintaro,776 Ronald Regan Avenue,-8.496803,115.148803,909-729-8241
774,Ochoa Bintaro,Bintaro,0 Ohio Crossing,52.1894953,5.3961917,583-460-1953
775,Ochoa Pamulang,Pamulang,29427 Forest Trail,-25.0455177,29.2362124,734-615-1831
776,Ochoa Bintaro,Bintaro,68 Farwell Terrace,57.1739369,24.7091049,654-852-6832
777,Ochoa Pamulang,BSD,7 Jenna Trail,59.3586958,17.9687559,909-573-7993
778,Ochoa Pamulang,Pamulang,912 Shopko Lane,36.114392,115.79182,818-712-8196
779,Ochoa Pamulang,BSD,23894 Cody Road,48.6360664,-2.0280739,591-756-7211
780,Ochoa Pamulang,Bintaro,5251 Hooker Avenue,28.0547578,81.614468,500-962-8966
781,Ochoa Bintaro,Pamulang,38380 Sugar Plaza,59.9871162,15.8125817,722-333-3851
782,Ochoa BSD,Pamulang,0 Holy Cross Plaza,18.1311468,-66.6395219,519-724-4922
783,Ochoa BSD,BSD,3254 Elka Alley,41.933917,126.422806,376-633-9476
784,Ochoa Pamulang,Pamulang,60636 Lindbergh Circle,7.8023204,6.733343,815-963-8345
785,Ochoa BSD,Bintaro,360 Cody Terrace,65.6136813,22.1762379,699-846-0078
786,Ochoa BSD,Bintaro,7373 Susan Avenue,44.9286321,16.9119159,769-695-3640
787,Ochoa BSD,BSD,571 Cody Hill,40.9860764,-8.530048,820-340-1307
788,Ochoa Pamulang,Bintaro,1213 Birchwood Center,-7.5173045,110.5933862,665-407-6059
789,Ochoa BSD,Bintaro,04 Kenwood Road,10.3696393,-66.9571026,969-352-0992
790,Ochoa Bintaro,Bintaro,43 Comanche Way,-6.8316639,39.2827032,755-321-5092
791,Ochoa Pamulang,Bintaro,9050 Sherman Terrace,17.8579334,-93.1548091,821-747-5409
792,Ochoa Bintaro,Pamulang,9435 Buena Vista Terrace,9.1707145,-81.8825279,902-884-4082
793,Ochoa Pamulang,Bintaro,90873 Tennessee Circle,-30.6866136,26.7063745,723-381-1087
794,Ochoa Bintaro,Bintaro,8 Old Gate Lane,24.874839,109.742421,729-453-1060
795,Ochoa Bintaro,BSD,1 Crownhardt Avenue,16.0332128,103.9344076,929-389-0822
796,Ochoa Pamulang,Pamulang,6440 Vera Parkway,32.6938737,51.6044276,616-567-6716
797,Ochoa Pamulang,Pamulang,36 Helena Trail,35.2392644,128.655374,325-243-6943
798,Ochoa BSD,BSD,0701 Lyons Place,43.4088284,16.9139651,777-471-7274
799,Ochoa Bintaro,Bintaro,788 Sutteridge Court,20.3278427,-89.6440716,955-397-9024
800,Ochoa Pamulang,Bintaro,631 Sutherland Court,9.1914538,-10.1143176,886-521-6862
801,Ochoa BSD,Pamulang,6 Burning Wood Place,26.966667,89.3833329,830-985-7053
802,Ochoa BSD,Bintaro,55 Mcguire Lane,44.6956711,20.2671882,340-620-7067
803,Ochoa Bintaro,Bintaro,3516 Melvin Plaza,41.5359304,-88.1193763,815-424-9215
804,Ochoa BSD,BSD,02020 Merry Hill,41.350131,-8.294276,361-644-1440
805,Ochoa Bintaro,Bintaro,8453 Bunker Hill Point,18.0354673,-76.7195828,682-758-8452
806,Ochoa Bintaro,Bintaro,18791 Oxford Terrace,-34.5890239,-58.4297385,549-194-7563
807,Ochoa BSD,Pamulang,944 Pepper Wood Plaza,51.4197881,19.6764505,487-271-6981
808,Ochoa Pamulang,Bintaro,0 Hovde Drive,-17.5495741,-149.7905619,630-341-2924
809,Ochoa Bintaro,BSD,944 Hovde Way,60.8061218,23.7484332,967-226-9329
810,Ochoa Pamulang,BSD,39 Nelson Way,-19.894468,48.8070527,198-593-3740
811,Ochoa BSD,Bintaro,73471 Schiller Parkway,-12.0575891,-76.9423651,296-750-2449
812,Ochoa Bintaro,Bintaro,5778 Morningstar Center,43.2587403,17.8880075,742-252-0092
813,Ochoa Bintaro,BSD,12 Upham Circle,-6.7726186,110.8791343,418-102-0301
814,Ochoa BSD,Pamulang,51 Caliangt Street,56.7402899,24.7181651,433-825-5266
815,Ochoa Bintaro,Bintaro,97482 Fairfield Parkway,-30.5652911,17.9904127,561-364-9853
816,Ochoa BSD,Pamulang,08 North Place,-8.1129,112.4929,591-629-4299
817,Ochoa Pamulang,Bintaro,97879 Alpine Junction,-6.9219286,112.1579249,566-846-9194
818,Ochoa Pamulang,Bintaro,205 Springview Trail,47.8075,40.107778,605-656-7364
819,Ochoa Pamulang,Bintaro,40129 Crest Line Alley,59.2264806,9.5943509,811-826-8245
820,Ochoa BSD,Bintaro,0749 Green Avenue,64.3018789,19.6203523,980-177-3330
821,Ochoa BSD,Bintaro,40 Grayhawk Terrace,30.2182236,31.3579913,357-215-5599
822,Ochoa Pamulang,Bintaro,77409 Homewood Drive,18.8104433,-71.2236939,364-604-2623
823,Ochoa BSD,Bintaro,075 Loomis Junction,-16.4622905,-54.6210664,800-736-8305
824,Ochoa Pamulang,BSD,24 Northfield Road,-14.67278,-75.225304,181-188-8344
825,Ochoa Pamulang,BSD,90 Ryan Alley,29.476705,121.869339,640-996-4489
826,Ochoa BSD,Pamulang,86 Warrior Avenue,43.7441795,2.511999,724-474-7570
827,Ochoa Pamulang,Pamulang,00 Meadow Vale Road,0.0265717,18.2970692,174-588-3789
828,Ochoa BSD,Pamulang,9324 Alpine Point,53.1001509,34.0612529,296-190-9549
829,Ochoa Bintaro,Pamulang,5540 Golf Course Center,59.35,18.5,854-146-1151
830,Ochoa BSD,BSD,13 Sommers Pass,14.5346437,121.0133007,173-397-8827
831,Ochoa BSD,Bintaro,71371 Farwell Place,44.1660267,19.0775332,174-249-4004
832,Ochoa Pamulang,BSD,9700 Dahle Pass,41.1279946,-7.9859629,386-110-3805
833,Ochoa BSD,Bintaro,77774 Vera Park,34.23488,108.250855,513-230-6627
834,Ochoa BSD,BSD,12257 Del Mar Road,2.9182648,101.6982899,878-818-2868
835,Ochoa BSD,BSD,13 Springs Plaza,-8.7287229,117.666952,939-820-8533
836,Ochoa BSD,Bintaro,3 Commercial Terrace,41.5780148,19.6966667,381-927-4024
837,Ochoa Pamulang,Bintaro,70 Di Loreto Trail,41.6434293,42.9934449,545-847-3494
838,Ochoa Pamulang,Pamulang,908 Crowley Alley,-9.7540414,124.3643423,798-926-6037
839,Ochoa Pamulang,BSD,1256 Dottie Terrace,10.1980682,105.9464874,665-740-5400
840,Ochoa Pamulang,BSD,57391 Waxwing Center,39.084828,117.185967,736-769-2398
841,Ochoa Bintaro,BSD,75827 Barnett Hill,28.845626,104.969882,345-703-0183
842,Ochoa BSD,Bintaro,0575 Carey Terrace,42.4678076,-70.9844,617-885-3234
843,Ochoa BSD,BSD,28 Summerview Hill,50.0827667,19.3528069,511-333-0050
844,Ochoa Bintaro,Pamulang,79 Melrose Terrace,53.0903178,8.9354031,204-829-2491
845,Ochoa BSD,Pamulang,84 Longview Junction,-8.2133,114.3701,437-823-0678
846,Ochoa Pamulang,BSD,32 Judy Lane,37.452068,110.739673,630-718-5207
847,Ochoa BSD,BSD,6 Warbler Way,11.0678757,-63.9201942,861-164-7767
848,Ochoa Pamulang,Bintaro,4337 Oak Terrace,-24.4436327,-56.9014072,751-253-1435
849,Ochoa Bintaro,BSD,8 Morningstar Alley,3.5399846,39.0528407,375-649-2757
850,Ochoa Bintaro,Bintaro,322 Packers Circle,15.4097396,104.9201205,716-611-6154
851,Ochoa Pamulang,BSD,47 Straubel Avenue,46.625456,16.3144961,908-615-0478
852,Ochoa Bintaro,Pamulang,952 Raven Circle,48.0885087,0.2075745,125-538-5689
853,Ochoa BSD,Bintaro,0 Helena Circle,44.9532555,2.8218035,569-165-6068
854,Ochoa Pamulang,BSD,8 Thackeray Alley,54.8843032,38.1642604,390-198-7359
855,Ochoa BSD,BSD,8 Scott Hill,41.451118,-81.6309078,216-287-2279
856,Ochoa Bintaro,Pamulang,206 Erie Trail,29.1253133,116.2777073,220-151-9214
857,Ochoa Bintaro,Pamulang,736 Pond Drive,-23.6818396,-46.620967,418-269-4813
858,Ochoa Bintaro,Pamulang,3 Roth Point,31.412405,95.595761,118-455-5628
859,Ochoa BSD,Bintaro,3 Lawn Drive,-27.7828418,-64.2837225,801-616-6825
860,Ochoa Pamulang,Pamulang,91 Roxbury Road,22.8929945,-82.5050529,453-846-9157
861,Ochoa BSD,BSD,985 Homewood Court,67.8509908,20.2328467,981-187-2761
862,Ochoa Bintaro,Pamulang,7 Welch Center,-33.1341591,-64.3479781,475-349-9397
863,Ochoa Bintaro,Bintaro,6 Sutherland Center,49.7478983,16.5775355,467-671-4937
864,Ochoa Pamulang,Pamulang,075 Manufacturers Hill,59.719721,16.4276415,605-972-7002
865,Ochoa Pamulang,Pamulang,48516 West Drive,33.437877,113.609286,210-166-7938
866,Ochoa Pamulang,Bintaro,21 Mcbride Park,27.0874564,114.9042208,785-290-0028
867,Ochoa Bintaro,Bintaro,2439 Monica Point,53.3519942,83.7638288,846-117-8254
868,Ochoa Pamulang,Bintaro,849 Steensland Way,-39.7466346,174.5134204,734-202-4529
869,Ochoa Pamulang,Pamulang,7865 Ryan Way,42.13333,25.85,678-908-6660
870,Ochoa Bintaro,BSD,71 Garrison Point,7.18334,-75.06668,529-834-6575
871,Ochoa Pamulang,Bintaro,3635 Bobwhite Trail,22.995838,113.933872,480-251-0595
872,Ochoa BSD,Bintaro,9599 Farragut Circle,39.2274333,-9.1706522,453-108-7732
873,Ochoa Bintaro,BSD,9 Veith Junction,43.0827206,46.8282768,341-483-2324
874,Ochoa BSD,Pamulang,27208 Nancy Circle,14.8182209,-88.9377949,221-924-2397
875,Ochoa BSD,Bintaro,1 Charing Cross Crossing,43.5827565,19.5266606,786-993-7241
876,Ochoa Bintaro,BSD,3052 Scott Place,9.9100521,-65.6747709,482-529-6215
877,Ochoa BSD,Bintaro,96313 Dixon Point,-24.3817381,-65.1218129,485-301-2127
878,Ochoa BSD,Pamulang,019 Little Fleur Point,12.13333,-68.26667,751-308-8387
879,Ochoa BSD,Bintaro,89 Vidon Circle,29.972084,106.27613,678-605-4704
880,Ochoa BSD,BSD,42 Jackson Alley,-23.8182859,-46.0851681,899-510-3389
881,Ochoa BSD,Pamulang,727 Gerald Way,29.00701,117.62965,484-449-8196
882,Ochoa Bintaro,Bintaro,538 West Alley,32.3506936,-95.3018275,903-649-3018
883,Ochoa BSD,Bintaro,51 Anniversary Drive,7.1302807,-3.2030756,191-892-2596
884,Ochoa BSD,Pamulang,6 Forest Run Drive,-19.6189005,-44.0404979,411-676-4575
885,Ochoa Bintaro,Pamulang,3 Barby Road,49.0522544,14.4342708,100-394-1256
886,Ochoa Pamulang,Bintaro,22 Evergreen Avenue,-9.6099,119.6237,810-183-1088
887,Ochoa BSD,Pamulang,16 Lighthouse Bay Lane,63.24708,29.9427343,351-284-9908
888,Ochoa BSD,Bintaro,9692 Holy Cross Circle,25.1434095,-12.3714463,818-988-1635
889,Ochoa BSD,Pamulang,55083 Derek Avenue,38.8665109,115.4841713,483-830-5931
890,Ochoa Bintaro,Pamulang,00197 Pankratz Pass,52.2871973,21.2810466,805-255-4770
891,Ochoa BSD,BSD,85452 Esker Junction,19.3004022,-98.9341937,309-172-6504
892,Ochoa Bintaro,Pamulang,302 Dunning Point,-29.6540396,-51.1848488,446-164-2101
893,Ochoa Bintaro,BSD,96551 Gina Drive,42.615891,114.744988,229-618-3061
894,Ochoa Bintaro,Pamulang,133 Katie Hill,1.3031434,101.0259275,550-989-0167
895,Ochoa Bintaro,Bintaro,26 Crest Line Hill,55.73325,37.0410363,144-214-2952
896,Ochoa Pamulang,Pamulang,60814 Spenser Parkway,55.4386676,12.9793725,405-854-8004
897,Ochoa Pamulang,Pamulang,7 Moland Hill,51.341376,19.23964,878-269-5349
898,Ochoa Bintaro,Pamulang,1 Lerdahl Park,12.1392352,104.5655273,178-256-2444
899,Ochoa Pamulang,Pamulang,0910 Ohio Trail,47.880287,132.759724,576-574-9445
900,Ochoa Bintaro,Pamulang,3129 Packers Court,48.858575,17.0286982,959-446-9179
901,Ochoa Pamulang,Bintaro,9 Farmco Street,31.6360346,106.5886373,289-732-5089
902,Ochoa BSD,BSD,7 Sage Crossing,45.3715797,14.3504236,220-727-8209
903,Ochoa Bintaro,Bintaro,8 Green Ridge Street,10.097212,-83.504629,400-743-2015
904,Ochoa Pamulang,BSD,9 Emmet Drive,-7.6142101,110.692877,372-388-9196
905,Ochoa Bintaro,Pamulang,53546 Drewry Trail,43.6158299,13.518915,184-862-0586
906,Ochoa Bintaro,Pamulang,008 Dovetail Hill,47.236015,127.114832,454-561-6686
907,Ochoa Pamulang,Pamulang,4 Kim Parkway,48.9728482,8.4060268,462-707-2404
908,Ochoa BSD,BSD,3 Pearson Street,12.241259,9.9073986,389-463-7854
909,Ochoa Bintaro,BSD,6943 Pennsylvania Alley,31.121606,104.38784,124-192-4777
910,Ochoa BSD,Pamulang,04164 Golf View Parkway,39.224791,117.135488,681-920-0396
911,Ochoa BSD,BSD,9268 Harper Circle,22.251924,112.794065,352-784-7352
912,Ochoa BSD,Pamulang,31106 Hudson Parkway,41.2169163,-8.6759571,834-200-2827
913,Ochoa BSD,Pamulang,149 High Crossing Parkway,31.7311971,117.2313179,122-667-8826
914,Ochoa Pamulang,Pamulang,30177 Derek Center,-7.4242782,109.2396366,317-170-3041
915,Ochoa BSD,Pamulang,31 Luster Place,26.5608911,31.7447913,371-421-8854
916,Ochoa BSD,Pamulang,4234 Tony Trail,36.1812392,139.1311901,796-430-9084
917,Ochoa Pamulang,Pamulang,9 Corben Parkway,35.3517729,139.2972985,720-575-2205
918,Ochoa BSD,BSD,76170 Bay Junction,6.1097207,102.2462087,545-669-0416
919,Ochoa BSD,Bintaro,156 Hudson Way,49.3420066,18.2596537,956-966-0909
920,Ochoa Bintaro,Bintaro,5883 8th Circle,37.4951161,-8.4978441,435-820-0740
921,Ochoa BSD,Pamulang,72192 Lyons Way,-12.0663691,34.7395478,120-163-4100
922,Ochoa Bintaro,Bintaro,32 Delladonna Park,41.4378689,2.196618,841-568-2252
923,Ochoa Bintaro,BSD,88 Fuller Center,15.2388086,103.9131975,391-279-8648
924,Ochoa BSD,Pamulang,22964 Delaware Parkway,56.8744773,16.6629189,947-111-1982
925,Ochoa BSD,Bintaro,849 Kinsman Drive,30.184907,121.227926,364-625-0181
926,Ochoa BSD,Pamulang,6 Duke Park,-25.8700559,28.158466,144-691-2766
927,Ochoa Bintaro,Pamulang,9762 Fairview Park,38.569555,114.040348,358-709-2112
928,Ochoa Bintaro,Pamulang,17501 Cottonwood Point,-29.4075749,-66.8349174,788-589-5141
929,Ochoa Pamulang,Pamulang,536 Lukken Parkway,25.2527,110.317826,469-825-4654
930,Ochoa BSD,BSD,8 Sloan Crossing,47.49714,96.80311,151-989-3910
931,Ochoa BSD,Pamulang,83 Upham Circle,45.1238884,2.9802744,955-928-8908
932,Ochoa Pamulang,BSD,31 Westridge Way,4.3045959,-74.8031414,735-219-0061
933,Ochoa Bintaro,BSD,0 West Crossing,-17.5637341,-149.5988089,514-211-4493
934,Ochoa Bintaro,Pamulang,30 Gerald Road,37.2203773,49.3095058,236-573-6647
935,Ochoa Bintaro,BSD,04446 Ronald Regan Park,-7.6377266,110.2722262,355-596-1223
936,Ochoa Pamulang,Pamulang,169 Portage Center,33.969218,99.900904,930-152-7647
937,Ochoa Pamulang,BSD,9 Brown Avenue,29.521296,86.27669,540-290-6763
938,Ochoa Pamulang,BSD,3873 International Center,-6.5961314,106.8093807,220-741-4361
939,Ochoa Pamulang,Bintaro,4441 Heath Street,20.6523028,-87.0696273,628-750-9570
940,Ochoa BSD,BSD,91323 Jenifer Plaza,30.335237,112.239631,943-157-7584
941,Ochoa BSD,BSD,43 Darwin Road,-17.4328946,-41.9989718,838-861-4596
942,Ochoa Bintaro,BSD,27845 Esker Junction,33.612843,113.667436,444-332-0250
943,Ochoa BSD,BSD,59006 Katie Alley,41.055232,19.9537797,879-123-0514
944,Ochoa BSD,Pamulang,30865 Algoma Place,32.993182,110.425983,592-115-6835
945,Ochoa Bintaro,BSD,6 Claremont Parkway,-7.0408631,113.9250575,435-969-7812
946,Ochoa Bintaro,Pamulang,0302 La Follette Court,-2.5421083,-44.3290923,855-962-0014
947,Ochoa Pamulang,Pamulang,477 Bay Terrace,-7.3608928,110.1726465,441-331-2795
948,Ochoa Bintaro,Bintaro,32091 Hazelcrest Park,-7.590458,109.1077389,198-505-6114
949,Ochoa Pamulang,Bintaro,351 Summit Center,9.623809,123.821694,555-689-1537
950,Ochoa Pamulang,Pamulang,062 Hauk Trail,-6.343448,106.2003019,921-271-9900
951,Ochoa Bintaro,BSD,0839 Boyd Trail,-7.1617465,-78.5127855,359-373-6650
952,Ochoa Bintaro,Bintaro,8812 Little Fleur Avenue,44.724837,17.3220709,815-150-8543
953,Ochoa Bintaro,Pamulang,06 Lindbergh Avenue,36.56253,36.73828,754-625-2009
954,Ochoa BSD,Bintaro,01572 Lien Street,37.1356467,-8.5174744,944-301-2052
955,Ochoa Pamulang,Pamulang,7 Dovetail Circle,-7.0028587,108.2362691,580-183-8529
956,Ochoa Bintaro,Bintaro,3222 Daystar Court,14.5508865,121.0075554,799-599-1320
957,Ochoa BSD,Pamulang,50669 Mcbride Road,13.8170825,101.3052635,116-785-4295
958,Ochoa Pamulang,BSD,86335 Bluejay Lane,36.628305,101.765843,406-163-9194
959,Ochoa BSD,BSD,45163 Transport Hill,9.834321,-84.3368699,402-116-6654
960,Ochoa Bintaro,Bintaro,8 Spaight Drive,-23.1330259,-47.048576,546-991-0396
961,Ochoa BSD,Bintaro,277 Macpherson Junction,56.1531877,48.3208097,137-366-0949
962,Ochoa Pamulang,Pamulang,1 Clove Parkway,-6.279197,106.832873,606-431-5553
963,Ochoa Bintaro,BSD,12789 Spohn Point,-6.4288646,106.9240554,239-253-5652
964,Ochoa BSD,Pamulang,27 Merchant Road,11.6786404,124.4087296,386-367-5134
965,Ochoa Pamulang,Bintaro,0 New Castle Street,14.5937178,120.9676054,399-934-2231
966,Ochoa Bintaro,Bintaro,5645 Shelley Junction,36.5750373,52.026838,123-794-3461
967,Ochoa BSD,Bintaro,2443 Grasskamp Pass,40.5555236,22.4712129,812-984-7748
968,Ochoa Pamulang,Pamulang,409 Cody Terrace,26.89745,68.40681,555-539-9539
969,Ochoa Pamulang,Pamulang,7 Thierer Park,15.0045218,-2.9550619,174-844-3382
970,Ochoa Bintaro,Bintaro,18863 Michigan Plaza,32.990664,112.528308,380-526-4634
971,Ochoa Pamulang,Bintaro,8223 Steensland Plaza,48.9563647,17.1329667,507-210-9197
972,Ochoa Bintaro,Bintaro,93203 Dexter Circle,39.6678843,-8.8344377,513-773-4112
973,Ochoa BSD,Pamulang,14786 Del Mar Pass,30.71509,31.56241,382-374-5368
974,Ochoa BSD,Bintaro,4703 Corben Place,29.703113,107.389298,420-478-4154
975,Ochoa Bintaro,Bintaro,4 Pawling Parkway,19.3376878,-99.0591821,825-505-0308
976,Ochoa Bintaro,Bintaro,7 Corscot Junction,-33.3516458,-56.5112061,221-456-0660
977,Ochoa Pamulang,Pamulang,2 Lakewood Gardens Pass,51.5182635,46.0058803,758-181-3316
978,Ochoa Bintaro,Pamulang,27517 Browning Court,50.0628163,19.722311,880-825-7690
979,Ochoa BSD,Bintaro,96635 Elmside Road,15.2294961,44.4795173,806-573-9767
980,Ochoa BSD,BSD,12 Bashford Point,31.717564,119.382381,332-248-1891
981,Ochoa Bintaro,BSD,743 Oxford Drive,39.856276,-8.78126,687-233-3828
982,Ochoa Pamulang,BSD,9952 Bunker Hill Avenue,50.3308509,15.2702996,792-198-9384
983,Ochoa BSD,Bintaro,381 Randy Center,-8.7872,116.4814,638-189-8479
984,Ochoa Bintaro,BSD,347 Mallard Crossing,51.3798501,20.2757746,828-340-5254
985,Ochoa Pamulang,Pamulang,743 Springview Terrace,47.31878,130.274684,937-188-1859
986,Ochoa BSD,Pamulang,62090 Oak Trail,22.947532,112.823056,890-751-0685
987,Ochoa Bintaro,Pamulang,6102 Oriole Drive,38.9458437,-8.9978149,919-835-0594
988,Ochoa BSD,BSD,60 Kinsman Avenue,-8.7261,116.4644,526-887-7131
989,Ochoa Bintaro,Pamulang,99 Rieder Parkway,61.7644425,23.0729829,347-906-9533
990,Ochoa Bintaro,Bintaro,47487 Carberry Trail,38.553725,76.075532,208-178-3875
991,Ochoa BSD,Bintaro,26923 Hooker Alley,19.0487026,-72.4701945,720-884-2229
992,Ochoa Bintaro,Pamulang,6939 Wayridge Pass,18.4,-66.05,551-789-6387
993,Ochoa Pamulang,BSD,3 Farragut Alley,49.7692372,43.6416286,483-835-3486
994,Ochoa BSD,BSD,7 Arapahoe Avenue,26.419602,111.8132691,237-392-4577
995,Ochoa Bintaro,Bintaro,7 Northport Alley,25.566821,-103.4295033,511-759-7986
996,Ochoa BSD,BSD,82523 Moulton Point,14.603928,120.966168,594-663-9174
997,Ochoa Bintaro,BSD,940 Packers Circle,-7.167974,108.5077307,760-396-6315
998,Ochoa Bintaro,Pamulang,5453 Lake View Trail,39.163627,117.672041,819-964-5792
999,Ochoa BSD,Pamulang,3715 Mccormick Alley,35.4937018,110.3838909,107-653-6690
1000,Ochoa Pamulang,Bintaro,315 Lien Avenue,-6.8852308,106.9007656,573-894-8051
